[{"pk": 1, "model": "labrack.unit", "fields": {"conversion": null, "name": "ml", "unitType": "concentration"}}, {"pk": 2, "model": "labrack.unit", "fields": {"conversion": null, "name": "l", "unitType": "concentration"}}, {"pk": 3, "model": "labrack.unit", "fields": {"conversion": null, "name": "mol", "unitType": "number"}}, {"pk": 5, "model": "labrack.unit", "fields": {"conversion": 0.001, "name": "mM", "unitType": "concentration"}}, {"pk": 1, "model": "labrack.location", "fields": {"owners": [], "room": "room1", "modification_date": "2012-10-23T17:59:27.367Z", "description": "", "group_read": [], "created_by": null, "creation_date": "2012-10-23T17:59:27.367Z", "temperature": -5.0, "displayId": "Fridge1", "group_write": [], "name": "fridge "}}, {"pk": 2, "model": "labrack.location", "fields": {"owners": [1], "room": "Room1", "modification_date": "2013-02-23T01:09:19.865Z", "description": "Room1", "group_read": [], "created_by": 1, "creation_date": "2013-02-23T01:09:19.859Z", "temperature": -80.0, "displayId": "-80 Mike", "group_write": [], "name": "-80 Mike"}}, {"pk": 1, "model": "labrack.rack", "fields": {"owners": [], "description": "", "group_read": [], "created_by": null, "current_location": 1, "displayId": "Rack1", "group_write": [], "name": "rack1"}}, {"pk": 2, "model": "labrack.rack", "fields": {"owners": [], "description": "", "group_read": [], "created_by": null, "current_location": 1, "displayId": "Rack2", "group_write": [], "name": "R2-F1"}}, {"pk": 1, "model": "labrack.container", "fields": {"owners": [1], "description": "", "modification_date": "2013-02-23T01:19:19.842Z", "group_read": [], "created_by": 1, "creation_date": "2013-02-15T21:41:51.432Z", "containerType": "96-well-plate", "displayId": "A12", "group_write": [], "rack": 1, "name": "A12"}}, {"pk": 2, "model": "labrack.container", "fields": {"owners": [1], "description": "", "modification_date": "2013-02-21T16:53:08.565Z", "group_read": [], "created_by": 1, "creation_date": "2013-02-21T16:53:08.546Z", "containerType": "384-well-plate", "displayId": "A13", "group_write": [], "rack": 2, "name": "A13"}}, {"pk": 1, "model": "labrack.document", "fields": {"docfile": "documents/BulkSamples/2012/10/31/rg2130_pJE411_reformatted.gbk"}}, {"pk": 2, "model": "labrack.document", "fields": {"docfile": "documents/BulkSamples/2012/10/31/Untitled_1.csv"}}, {"pk": 3, "model": "labrack.document", "fields": {"docfile": "documents/BulkSamples/2012/10/31/Untitled_1_1.csv"}}, {"pk": 4, "model": "labrack.document", "fields": {"docfile": "documents/BulkSamples/2012/10/31/testSample.csv"}}, {"pk": 5, "model": "labrack.document", "fields": {"docfile": "documents/BulkSamples/2012/10/31/testSample_1.csv"}}, {"pk": 6, "model": "labrack.document", "fields": {"docfile": "documents/BulkSamples/2012/10/31/testSample_2.csv"}}, {"pk": 7, "model": "labrack.document", "fields": {"docfile": "documents/BulkSamples/2012/10/31/testSample_3.csv"}}, {"pk": 8, "model": "labrack.document", "fields": {"docfile": "documents/BulkSamples/2012/10/31/testSample_4.csv"}}, {"pk": 9, "model": "labrack.document", "fields": {"docfile": "documents/BulkSamples/2012/10/31/pRSFDuet-1.gbk"}}, {"pk": 10, "model": "labrack.document", "fields": {"docfile": "documents/BulkSamples/2012/10/31/testSample_5.csv"}}, {"pk": 11, "model": "labrack.document", "fields": {"docfile": "documents/BulkSamples/2012/10/31/testSample_6.csv"}}, {"pk": 12, "model": "labrack.document", "fields": {"docfile": "documents/BulkSamples/2012/10/31/testSample_7.csv"}}, {"pk": 13, "model": "labrack.document", "fields": {"docfile": "documents/BulkSamples/2012/10/31/testSample_8.csv"}}, {"pk": 14, "model": "labrack.document", "fields": {"docfile": "documents/BulkSamples/2012/10/31/testSample_9.csv"}}, {"pk": 15, "model": "labrack.document", "fields": {"docfile": "documents/BulkSamples/2012/10/31/testSample_10.csv"}}, {"pk": 16, "model": "labrack.document", "fields": {"docfile": "documents/BulkSamples/2012/10/31/testSample_11.csv"}}, {"pk": 17, "model": "labrack.document", "fields": {"docfile": "documents/BulkSamples/2012/10/31/testSample2.csv"}}, {"pk": 18, "model": "labrack.document", "fields": {"docfile": "documents/BulkSamples/2012/10/31/testSample2_1.csv"}}, {"pk": 19, "model": "labrack.document", "fields": {"docfile": "documents/BulkSamples/2012/10/31/testSample2_2.csv"}}, {"pk": 20, "model": "labrack.document", "fields": {"docfile": "documents/BulkSamples/2012/10/31/testSample2_3.csv"}}, {"pk": 21, "model": "labrack.document", "fields": {"docfile": "documents/BulkSamples/2012/10/31/testSample_12.csv"}}, {"pk": 22, "model": "labrack.document", "fields": {"docfile": "documents/BulkSamples/2012/10/31/testSample2_4.csv"}}, {"pk": 23, "model": "labrack.document", "fields": {"docfile": "documents/BulkSamples/2012/10/31/testSample_13.csv"}}, {"pk": 24, "model": "labrack.document", "fields": {"docfile": "documents/BulkSamples/2012/10/31/testSample_14.csv"}}, {"pk": 25, "model": "labrack.document", "fields": {"docfile": "documents/BulkSamples/2012/10/31/testSample_15.csv"}}, {"pk": 26, "model": "labrack.document", "fields": {"docfile": "documents/BulkSamples/2012/10/31/testSample_16.csv"}}, {"pk": 27, "model": "labrack.document", "fields": {"docfile": "documents/BulkSamples/2012/10/31/testSample_17.csv"}}, {"pk": 28, "model": "labrack.document", "fields": {"docfile": "documents/BulkSamples/2012/11/01/testSample.csv"}}, {"pk": 29, "model": "labrack.document", "fields": {"docfile": "documents/BulkSamples/2012/11/01/testSample_1.csv"}}, {"pk": 30, "model": "labrack.document", "fields": {"docfile": "documents/BulkSamples/2012/11/01/testSampleFull.csv"}}, {"pk": 31, "model": "labrack.document", "fields": {"docfile": "documents/BulkSamples/2012/11/01/testSampleFull_1.csv"}}, {"pk": 32, "model": "labrack.document", "fields": {"docfile": "documents/BulkSamples/2012/11/01/testSampleFull_2.csv"}}, {"pk": 33, "model": "labrack.document", "fields": {"docfile": "documents/BulkSamples/2012/11/01/testSampleFull_3.csv"}}, {"pk": 34, "model": "labrack.document", "fields": {"docfile": "documents/BulkSamples/2012/11/01/testSampleFull_4.csv"}}, {"pk": 35, "model": "labrack.document", "fields": {"docfile": "documents/BulkSamples/2012/11/01/testSampleFull_5.csv"}}, {"pk": 36, "model": "labrack.document", "fields": {"docfile": "documents/BulkSamples/2012/11/01/testSampleFull_6.csv"}}, {"pk": 37, "model": "labrack.document", "fields": {"docfile": "documents/BulkSamples/2012/11/01/testSampleFull_7.csv"}}, {"pk": 38, "model": "labrack.document", "fields": {"docfile": "documents/BulkSamples/2012/11/01/testSampleFull_8.csv"}}, {"pk": 39, "model": "labrack.document", "fields": {"docfile": "documents/BulkSamples/2012/11/01/testSampleFull_9.csv"}}, {"pk": 40, "model": "labrack.document", "fields": {"docfile": "documents/BulkSamples/2012/11/01/testSampleFull_10.csv"}}, {"pk": 41, "model": "labrack.document", "fields": {"docfile": "documents/BulkSamples/2012/11/01/testSampleFull_11.csv"}}, {"pk": 42, "model": "labrack.document", "fields": {"docfile": "documents/BulkSamples/2012/11/01/testSampleFull_12.csv"}}, {"pk": 43, "model": "labrack.document", "fields": {"docfile": "documents/BulkSamples/2012/11/01/testSampleFull_13.csv"}}, {"pk": 44, "model": "labrack.document", "fields": {"docfile": "documents/BulkSamples/2012/11/01/testSampleFull_14.csv"}}, {"pk": 45, "model": "labrack.document", "fields": {"docfile": "documents/BulkSamples/2012/11/01/testSample_2.csv"}}, {"pk": 46, "model": "labrack.document", "fields": {"docfile": "documents/BulkSamples/2012/11/01/testSampleFull_15.csv"}}, {"pk": 47, "model": "labrack.document", "fields": {"docfile": "documents/BulkSamples/2012/11/01/testSampleFull_16.csv"}}, {"pk": 48, "model": "labrack.document", "fields": {"docfile": "documents/BulkSamples/2012/11/01/testSampleFull_17.csv"}}, {"pk": 49, "model": "labrack.document", "fields": {"docfile": "documents/BulkSamples/2012/11/01/testSample_3.csv"}}, {"pk": 50, "model": "labrack.document", "fields": {"docfile": "documents/BulkSamples/2012/11/01/testSample_4.csv"}}, {"pk": 51, "model": "labrack.document", "fields": {"docfile": "documents/BulkSamples/2012/11/01/testSampleFull_18.csv"}}, {"pk": 52, "model": "labrack.document", "fields": {"docfile": "documents/BulkSamples/2012/11/01/testSampleFull_19.csv"}}, {"pk": 53, "model": "labrack.document", "fields": {"docfile": "documents/BulkSamples/2012/11/01/testSampleFull_20.csv"}}, {"pk": 54, "model": "labrack.document", "fields": {"docfile": "documents/BulkSamples/2012/11/01/testSampleFull_21.csv"}}, {"pk": 55, "model": "labrack.document", "fields": {"docfile": "documents/BulkSamples/2012/11/01/testSampleFull_22.csv"}}, {"pk": 56, "model": "labrack.document", "fields": {"docfile": "documents/BulkSamples/2012/11/01/testSampleFull_23.csv"}}, {"pk": 57, "model": "labrack.document", "fields": {"docfile": "documents/BulkSamples/2012/11/01/testSampleFull_24.csv"}}, {"pk": 58, "model": "labrack.document", "fields": {"docfile": "documents/BulkSamples/2012/11/01/testSampleFull_25.csv"}}, {"pk": 59, "model": "labrack.document", "fields": {"docfile": "documents/BulkSamples/2012/11/01/testSampleFull_26.csv"}}, {"pk": 60, "model": "labrack.document", "fields": {"docfile": "documents/BulkSamples/2012/11/01/testSampleFull_27.csv"}}, {"pk": 61, "model": "labrack.document", "fields": {"docfile": "documents/BulkSamples/2012/11/01/testSampleFull_28.csv"}}, {"pk": 62, "model": "labrack.document", "fields": {"docfile": "documents/BulkSamples/2012/11/01/testSampleFull_29.csv"}}, {"pk": 63, "model": "labrack.document", "fields": {"docfile": "documents/BulkSamples/2012/11/01/testSampleFull_30.csv"}}, {"pk": 64, "model": "labrack.document", "fields": {"docfile": "documents/BulkSamples/2012/11/01/testSampleFull_31.csv"}}, {"pk": 65, "model": "labrack.document", "fields": {"docfile": "documents/BulkSamples/2012/11/01/testSampleFull_32.csv"}}, {"pk": 66, "model": "labrack.document", "fields": {"docfile": "documents/BulkSamples/2012/11/01/testSampleFull_33.csv"}}, {"pk": 67, "model": "labrack.document", "fields": {"docfile": "documents/BulkSamples/2012/11/01/testSampleFull_34.csv"}}, {"pk": 68, "model": "labrack.document", "fields": {"docfile": "documents/BulkSamples/2012/11/01/testSampleFull_35.csv"}}, {"pk": 69, "model": "labrack.document", "fields": {"docfile": "documents/BulkSamples/2012/11/01/testSampleFull_36.csv"}}, {"pk": 70, "model": "labrack.document", "fields": {"docfile": "documents/BulkSamples/2012/11/01/testSampleFull_37.csv"}}, {"pk": 71, "model": "labrack.document", "fields": {"docfile": "documents/BulkSamples/2012/11/01/testSampleFull_38.csv"}}, {"pk": 72, "model": "labrack.document", "fields": {"docfile": "documents/BulkSamples/2012/11/01/testSampleFull_39.csv"}}, {"pk": 73, "model": "labrack.document", "fields": {"docfile": "documents/BulkSamples/2012/11/01/testSampleFull_40.csv"}}, {"pk": 74, "model": "labrack.document", "fields": {"docfile": "documents/BulkSamples/2012/11/02/testSampleFull.csv"}}, {"pk": 75, "model": "labrack.document", "fields": {"docfile": "documents/BulkSamples/2012/11/02/testSampleFull_1.csv"}}, {"pk": 76, "model": "labrack.document", "fields": {"docfile": "documents/BulkSamples/2012/11/02/testSampleFull_2.csv"}}, {"pk": 77, "model": "labrack.document", "fields": {"docfile": "documents/BulkSamples/2012/11/02/testSampleFull_3.csv"}}, {"pk": 78, "model": "labrack.document", "fields": {"docfile": "documents/BulkSamples/2012/11/02/testSampleFull_4.csv"}}, {"pk": 79, "model": "labrack.document", "fields": {"docfile": "documents/BulkSamples/2012/11/02/testSampleFull_5.csv"}}, {"pk": 80, "model": "labrack.document", "fields": {"docfile": "documents/BulkSamples/2012/11/05/testSampleFull.csv"}}, {"pk": 81, "model": "labrack.document", "fields": {"docfile": "documents/BulkSamples/2012/11/06/testSampleFull.csv"}}, {"pk": 82, "model": "labrack.document", "fields": {"docfile": "documents/BulkSamples/2012/11/06/testSampleFull_1.csv"}}, {"pk": 83, "model": "labrack.document", "fields": {"docfile": "documents/BulkSamples/2012/11/06/testSampleFull_2.csv"}}, {"pk": 84, "model": "labrack.document", "fields": {"docfile": "documents/BulkSamples/2012/11/06/testSampleFulllight.csv"}}, {"pk": 85, "model": "labrack.document", "fields": {"docfile": "documents/BulkSamples/2012/11/06/testSampleFulllight_1.csv"}}, {"pk": 86, "model": "labrack.document", "fields": {"docfile": "documents/BulkSamples/2012/11/06/testSampleFulllight_2.csv"}}, {"pk": 87, "model": "labrack.document", "fields": {"docfile": "documents/BulkSamples/2012/11/06/testSampleFulllight_3.csv"}}, {"pk": 88, "model": "labrack.document", "fields": {"docfile": "documents/BulkSamples/2012/11/06/testSampleFulllight_4.csv"}}, {"pk": 89, "model": "labrack.document", "fields": {"docfile": "documents/BulkSamples/2012/11/06/testSampleFulllight_5.csv"}}, {"pk": 90, "model": "labrack.document", "fields": {"docfile": "documents/BulkSamples/2012/11/28/rg2130_pJE411_reformatted.gbk"}}, {"pk": 91, "model": "labrack.document", "fields": {"docfile": "documents/BulkSamples/2012/11/28/rg2130_pJE411_reformatted_1.gbk"}}, {"pk": 92, "model": "labrack.document", "fields": {"docfile": "documents/BulkSamples/2012/11/28/rg2130_pJE411_reformatted_2.gbk"}}, {"pk": 93, "model": "labrack.document", "fields": {"docfile": "documents/BulkSamples/2012/12/05/selector-search.gif"}}, {"pk": 94, "model": "labrack.document", "fields": {"docfile": "documents/BulkSamples/2012/12/06/testDnaSampleFull.csv"}}, {"pk": 95, "model": "labrack.document", "fields": {"docfile": "documents/BulkSamples/2012/12/06/testDnaSampleFull_1.csv"}}, {"pk": 96, "model": "labrack.document", "fields": {"docfile": "documents/BulkSamples/2012/12/06/testDnaSampleFull_2.csv"}}, {"pk": 97, "model": "labrack.document", "fields": {"docfile": "documents/BulkSamples/2012/12/06/testDnaSampleFull_3.csv"}}, {"pk": 98, "model": "labrack.document", "fields": {"docfile": "documents/BulkSamples/2012/12/06/testDnaSampleFull_4.csv"}}, {"pk": 99, "model": "labrack.document", "fields": {"docfile": "documents/BulkSamples/2012/12/06/testDnaSampleFull_5.csv"}}, {"pk": 100, "model": "labrack.document", "fields": {"docfile": "documents/BulkSamples/2012/12/06/testDnaSampleFull_6.csv"}}, {"pk": 101, "model": "labrack.document", "fields": {"docfile": "documents/BulkSamples/2012/12/06/testDnaSampleFull_7.csv"}}, {"pk": 102, "model": "labrack.document", "fields": {"docfile": "documents/BulkSamples/2012/12/06/testDnaSampleFull_8.csv"}}, {"pk": 103, "model": "labrack.document", "fields": {"docfile": "documents/BulkSamples/2012/12/06/testDnaSampleFull_9.csv"}}, {"pk": 104, "model": "labrack.document", "fields": {"docfile": "documents/BulkSamples/2012/12/06/testDnaSampleFull_10.csv"}}, {"pk": 105, "model": "labrack.document", "fields": {"docfile": "documents/BulkSamples/2012/12/06/testDnaSampleFull_11.csv"}}, {"pk": 106, "model": "labrack.document", "fields": {"docfile": "documents/BulkSamples/2012/12/06/testDnaSampleFull_12.csv"}}, {"pk": 107, "model": "labrack.document", "fields": {"docfile": "documents/BulkSamples/2012/12/06/testDnaSampleFull_13.csv"}}, {"pk": 108, "model": "labrack.document", "fields": {"docfile": "documents/BulkSamples/2012/12/06/testDnaSampleFull_14.csv"}}, {"pk": 109, "model": "labrack.document", "fields": {"docfile": "documents/BulkSamples/2012/12/06/testDnaSampleFull_15.csv"}}, {"pk": 110, "model": "labrack.document", "fields": {"docfile": "documents/BulkSamples/2012/12/06/testDnaSampleFull_16.csv"}}, {"pk": 111, "model": "labrack.document", "fields": {"docfile": "documents/BulkSamples/2012/12/06/testDnaSampleFull_17.csv"}}, {"pk": 112, "model": "labrack.document", "fields": {"docfile": "documents/BulkSamples/2012/12/06/testDnaSampleFull_18.csv"}}, {"pk": 113, "model": "labrack.document", "fields": {"docfile": "documents/BulkSamples/2012/12/06/testCellSampleFull.csv"}}, {"pk": 114, "model": "labrack.document", "fields": {"docfile": "documents/BulkSamples/2012/12/06/testCellSampleFull_1.csv"}}, {"pk": 115, "model": "labrack.document", "fields": {"docfile": "documents/BulkSamples/2012/12/06/testCellSampleFull_2.csv"}}, {"pk": 116, "model": "labrack.document", "fields": {"docfile": "documents/BulkSamples/2012/12/06/testCellSampleFull_3.csv"}}, {"pk": 117, "model": "labrack.document", "fields": {"docfile": "documents/BulkSamples/2012/12/06/testCellSampleFull_4.csv"}}, {"pk": 118, "model": "labrack.document", "fields": {"docfile": "documents/BulkSamples/2012/12/06/testCellSampleFull_5.csv"}}, {"pk": 119, "model": "labrack.document", "fields": {"docfile": "documents/BulkSamples/2012/12/06/testCellSampleFull_6.csv"}}, {"pk": 120, "model": "labrack.document", "fields": {"docfile": "documents/BulkSamples/2012/12/06/DemoCellFull.csv"}}, {"pk": 121, "model": "labrack.document", "fields": {"docfile": "documents/BulkSamples/2012/12/06/DemoCellFull_1.csv"}}, {"pk": 122, "model": "labrack.document", "fields": {"docfile": "documents/BulkSamples/2012/12/06/DemoCellFull_2.csv"}}, {"pk": 123, "model": "labrack.document", "fields": {"docfile": "documents/BulkSamples/2012/12/06/DemoCellFull_3.csv"}}, {"pk": 124, "model": "labrack.document", "fields": {"docfile": "documents/BulkSamples/2012/12/06/DemoCellFull_4.csv"}}, {"pk": 125, "model": "labrack.document", "fields": {"docfile": "documents/BulkSamples/2012/12/06/DemoCellFull_5.csv"}}, {"pk": 126, "model": "labrack.document", "fields": {"docfile": "documents/BulkSamples/2012/12/06/DemoCellFull_6.csv"}}, {"pk": 127, "model": "labrack.document", "fields": {"docfile": "documents/BulkSamples/2012/12/06/DemoCellFull_7.csv"}}, {"pk": 128, "model": "labrack.document", "fields": {"docfile": "documents/BulkSamples/2012/12/06/DemoCellFull_8.csv"}}, {"pk": 129, "model": "labrack.document", "fields": {"docfile": "documents/BulkSamples/2012/12/06/DemoCellFull_9.csv"}}, {"pk": 130, "model": "labrack.document", "fields": {"docfile": "documents/BulkSamples/2012/12/06/DemoCellFull_10.csv"}}, {"pk": 131, "model": "labrack.document", "fields": {"docfile": "documents/BulkSamples/2012/12/06/DemoCellFull_11.csv"}}, {"pk": 132, "model": "labrack.document", "fields": {"docfile": "documents/BulkSamples/2012/12/06/DemoCellFull_12.csv"}}, {"pk": 133, "model": "labrack.document", "fields": {"docfile": "documents/BulkSamples/2012/12/06/DemoCellFull_13.csv"}}, {"pk": 134, "model": "labrack.document", "fields": {"docfile": "documents/BulkSamples/2012/12/06/DemoCellFull_14.csv"}}, {"pk": 135, "model": "labrack.document", "fields": {"docfile": "documents/BulkSamples/2012/12/06/testCellSampleFull_7.csv"}}, {"pk": 136, "model": "labrack.document", "fields": {"docfile": "documents/BulkSamples/2012/12/06/DemoCellFull_15.csv"}}, {"pk": 137, "model": "labrack.document", "fields": {"docfile": "documents/BulkSamples/2012/12/06/DemoCellFull_16.csv"}}, {"pk": 138, "model": "labrack.document", "fields": {"docfile": "documents/BulkSamples/2012/12/06/DemoCellFull_17.csv"}}, {"pk": 139, "model": "labrack.document", "fields": {"docfile": "documents/BulkSamples/2012/12/06/DemoCellFull_18.csv"}}, {"pk": 140, "model": "labrack.document", "fields": {"docfile": "documents/BulkSamples/2012/12/06/DemoCellFull_19.csv"}}, {"pk": 141, "model": "labrack.document", "fields": {"docfile": "documents/BulkSamples/2012/12/06/DemoCellFull_20.csv"}}, {"pk": 142, "model": "labrack.document", "fields": {"docfile": "documents/BulkSamples/2012/12/06/DemoCellFull_21.csv"}}, {"pk": 143, "model": "labrack.document", "fields": {"docfile": "documents/BulkSamples/2012/12/06/DemoCellFull_22.csv"}}, {"pk": 144, "model": "labrack.document", "fields": {"docfile": "documents/BulkSamples/2012/12/06/DemoCellFull_23.csv"}}, {"pk": 145, "model": "labrack.document", "fields": {"docfile": "documents/BulkSamples/2012/12/06/DemoCellFull_24.csv"}}, {"pk": 146, "model": "labrack.document", "fields": {"docfile": "documents/BulkSamples/2012/12/06/DemoCellFull_25.csv"}}, {"pk": 147, "model": "labrack.document", "fields": {"docfile": "documents/BulkSamples/2012/12/06/DemoCellFull_26.csv"}}, {"pk": 148, "model": "labrack.document", "fields": {"docfile": "documents/BulkSamples/2012/12/06/DemoCellFull_27.csv"}}, {"pk": 149, "model": "labrack.document", "fields": {"docfile": "documents/BulkSamples/2012/12/06/DemoCellFull_28.csv"}}, {"pk": 150, "model": "labrack.document", "fields": {"docfile": "documents/BulkSamples/2012/12/06/DemoCellFull_29.csv"}}, {"pk": 151, "model": "labrack.document", "fields": {"docfile": "documents/BulkSamples/2012/12/06/DemoCellFull_30.csv"}}, {"pk": 152, "model": "labrack.document", "fields": {"docfile": "documents/BulkSamples/2012/12/06/testDnaSampleFull_19.csv"}}, {"pk": 153, "model": "labrack.document", "fields": {"docfile": "documents/BulkSamples/2012/12/06/testDnaSampleFull_20.csv"}}, {"pk": 154, "model": "labrack.document", "fields": {"docfile": "documents/BulkSamples/2012/12/06/testCellSampleFull_8.csv"}}, {"pk": 155, "model": "labrack.document", "fields": {"docfile": "documents/BulkSamples/2012/12/06/testCellSampleFull_9.csv"}}, {"pk": 156, "model": "labrack.document", "fields": {"docfile": "documents/BulkSamples/2012/12/06/testDnaSampleFull_21.csv"}}, {"pk": 157, "model": "labrack.document", "fields": {"docfile": "documents/BulkSamples/2012/12/06/DemoCellFull_31.csv"}}, {"pk": 1, "model": "labrack.sequenceannotation", "fields": {"componentAnnotated": 2, "bioStart": 337, "bioEnd": 353, "uri": "", "precedes": [], "subComponent": 1, "strand": "+"}}, {"pk": 2, "model": "labrack.sequenceannotation", "fields": {"componentAnnotated": 4, "bioStart": 1573, "bioEnd": 2655, "uri": "", "precedes": [], "subComponent": 3, "strand": "+"}}, {"pk": 3, "model": "labrack.sequenceannotation", "fields": {"componentAnnotated": 6, "bioStart": 1648, "bioEnd": 2203, "uri": "", "precedes": [], "subComponent": 5, "strand": "+"}}, {"pk": 4, "model": "labrack.sequenceannotation", "fields": {"componentAnnotated": 7, "bioStart": 2634, "bioEnd": 2825, "uri": "", "precedes": [], "subComponent": 5, "strand": "+"}}, {"pk": 5, "model": "labrack.sequenceannotation", "fields": {"componentAnnotated": 8, "bioStart": 4944, "bioEnd": 4949, "uri": "", "precedes": [], "subComponent": 5, "strand": "+"}}, {"pk": 6, "model": "labrack.sequenceannotation", "fields": {"componentAnnotated": 9, "bioStart": 4824, "bioEnd": 4839, "uri": "", "precedes": [], "subComponent": 5, "strand": "+"}}, {"pk": 7, "model": "labrack.sequenceannotation", "fields": {"componentAnnotated": 10, "bioStart": 2203, "bioEnd": 2203, "uri": "", "precedes": [], "subComponent": 5, "strand": "+"}}, {"pk": 8, "model": "labrack.sequenceannotation", "fields": {"componentAnnotated": 11, "bioStart": 13, "bioEnd": 460, "uri": "", "precedes": [], "subComponent": 5, "strand": "+"}}, {"pk": 9, "model": "labrack.sequenceannotation", "fields": {"componentAnnotated": 4, "bioStart": 20, "bioEnd": 30, "uri": "", "precedes": [], "subComponent": 1, "strand": null}}, {"pk": 17, "model": "labrack.sequenceannotation", "fields": {"componentAnnotated": 14, "bioStart": 435, "bioEnd": 1094, "uri": "", "precedes": [], "subComponent": 23, "strand": "+"}}, {"pk": 19, "model": "labrack.sequenceannotation", "fields": {"componentAnnotated": 9, "bioStart": 4705, "bioEnd": 4720, "uri": "a", "precedes": [], "subComponent": 23, "strand": "-"}}, {"pk": 20, "model": "labrack.sequenceannotation", "fields": {"componentAnnotated": 11, "bioStart": 13, "bioEnd": 460, "uri": "a", "precedes": [], "subComponent": 23, "strand": "-"}}, {"pk": 27, "model": "labrack.sequenceannotation", "fields": {"componentAnnotated": 14, "bioStart": 4, "bioEnd": 100, "uri": "", "precedes": [], "subComponent": 1, "strand": "+"}}, {"pk": 28, "model": "labrack.sequenceannotation", "fields": {"componentAnnotated": 29, "bioStart": 2443, "bioEnd": 5214, "uri": "", "precedes": [], "subComponent": 28, "strand": "1"}}, {"pk": 1, "model": "labrack.dnacomponenttype", "fields": {"subTypeOf": [], "uri": "", "name": "Vector"}}, {"pk": 2, "model": "labrack.dnacomponenttype", "fields": {"subTypeOf": [], "uri": "", "name": "Primer"}}, {"pk": 3, "model": "labrack.dnacomponenttype", "fields": {"subTypeOf": [], "uri": "", "name": "Fragment"}}, {"pk": 4, "model": "labrack.dnacomponenttype", "fields": {"subTypeOf": [], "uri": null, "name": "GenebankType"}}, {"pk": 5, "model": "labrack.dnacomponenttype", "fields": {"subTypeOf": [], "uri": null, "name": "promoter"}}, {"pk": 6, "model": "labrack.dnacomponenttype", "fields": {"subTypeOf": [], "uri": null, "name": "protein_bind"}}, {"pk": 7, "model": "labrack.dnacomponenttype", "fields": {"subTypeOf": [], "uri": null, "name": "terminator"}}, {"pk": 8, "model": "labrack.dnacomponenttype", "fields": {"subTypeOf": [], "uri": null, "name": "CDS"}}, {"pk": 9, "model": "labrack.dnacomponenttype", "fields": {"subTypeOf": [], "uri": null, "name": "rep_origin"}}, {"pk": 11, "model": "labrack.dnacomponenttype", "fields": {"subTypeOf": [], "uri": null, "name": "misc_signal"}}, {"pk": 12, "model": "labrack.dnacomponenttype", "fields": {"subTypeOf": [], "uri": "", "name": "SelectionMarker"}}, {"pk": 13, "model": "labrack.dnacomponenttype", "fields": {"subTypeOf": [], "uri": null, "name": "Plasmid"}}, {"pk": 1, "model": "labrack.component", "fields": {"status": "planning", "owners": [1], "name": "pET15b", "modification_date": "2013-02-23T01:22:00.726Z", "uri": "", "created_by": 1, "creation_date": "2013-02-23T01:22:00.634Z", "variantOf": [], "group_read": [], "displayId": "pET15b", "group_write": [], "description": ""}}, {"pk": 2, "model": "labrack.component", "fields": {"status": "planning", "owners": [1], "name": "Amp", "modification_date": "2013-02-23T01:24:42.735Z", "uri": "", "created_by": 1, "creation_date": "2013-02-23T01:22:00.647Z", "variantOf": [], "group_read": [], "displayId": "Amp", "group_write": [], "description": ""}}, {"pk": 3, "model": "labrack.component", "fields": {"status": "planning", "owners": [1], "name": "pET41b", "modification_date": "2013-02-23T01:23:37.241Z", "uri": "", "created_by": 1, "creation_date": "2013-02-23T01:23:37.098Z", "variantOf": [], "group_read": [], "displayId": "pET41b", "group_write": [], "description": ""}}, {"pk": 4, "model": "labrack.component", "fields": {"status": "planning", "owners": [1], "name": "Kan", "modification_date": "2013-02-23T01:23:48.770Z", "uri": "", "created_by": 1, "creation_date": "2013-02-23T01:23:37.115Z", "variantOf": [], "group_read": [], "displayId": "Kan", "group_write": [], "description": ""}}, {"pk": 5, "model": "labrack.component", "fields": {"status": "planning", "owners": [1], "name": "pET52b", "modification_date": "2013-02-23T01:26:13.357Z", "uri": "", "created_by": 1, "creation_date": "2013-02-23T01:26:13.163Z", "variantOf": [], "group_read": [], "displayId": "pET52b", "group_write": [], "description": ""}}, {"pk": 6, "model": "labrack.component", "fields": {"status": "planning", "owners": [], "name": "RNA  II", "modification_date": "2013-02-23T01:26:13.178Z", "uri": null, "created_by": null, "creation_date": "2013-02-23T01:26:13.168Z", "variantOf": [], "group_read": [], "displayId": "RNA  II", "group_write": [], "description": ""}}, {"pk": 7, "model": "labrack.component", "fields": {"status": "planning", "owners": [], "name": "ROP", "modification_date": "2013-02-23T01:26:13.201Z", "uri": null, "created_by": null, "creation_date": "2013-02-23T01:26:13.187Z", "variantOf": [], "group_read": [], "displayId": "ROP", "group_write": [], "description": ""}}, {"pk": 8, "model": "labrack.component", "fields": {"status": "planning", "owners": [], "name": "RBS-1", "modification_date": "2013-02-23T01:26:13.229Z", "uri": null, "created_by": null, "creation_date": "2013-02-23T01:26:13.217Z", "variantOf": [], "group_read": [], "displayId": "RBS-1", "group_write": [], "description": ""}}, {"pk": 9, "model": "labrack.component", "fields": {"status": "planning", "owners": [], "name": "pET  Upstream  Primer", "modification_date": "2013-02-23T01:26:13.259Z", "uri": null, "created_by": null, "creation_date": "2013-02-23T01:26:13.248Z", "variantOf": [], "group_read": [], "displayId": "pET  Upstream  Primer", "group_write": [], "description": ""}}, {"pk": 10, "model": "labrack.component", "fields": {"status": "planning", "owners": [], "name": "ColE1  pBR322  origin", "modification_date": "2013-02-23T01:26:13.288Z", "uri": null, "created_by": null, "creation_date": "2013-02-23T01:26:13.267Z", "variantOf": [], "group_read": [], "displayId": "ColE1  pBR322  origin", "group_write": [], "description": ""}}, {"pk": 11, "model": "labrack.component", "fields": {"status": "planning", "owners": [], "name": "f1  origin", "modification_date": "2013-02-23T01:26:13.309Z", "uri": null, "created_by": null, "creation_date": "2013-02-23T01:26:13.299Z", "variantOf": [], "group_read": [], "displayId": "f1  origin", "group_write": [], "description": ""}}, {"pk": 12, "model": "labrack.component", "fields": {"status": "planning", "owners": [1], "name": "TEV", "modification_date": "2013-02-23T01:27:29.668Z", "uri": "", "created_by": 1, "creation_date": "2013-02-23T01:27:29.651Z", "variantOf": [], "group_read": [], "displayId": "TEV Cell", "group_write": [], "description": ""}}, {"pk": 14, "model": "labrack.component", "fields": {"status": "planning", "owners": [], "name": "GST  tag", "modification_date": "2013-02-25T16:39:36.882Z", "uri": null, "created_by": null, "creation_date": "2013-02-25T16:39:36.870Z", "variantOf": [], "group_read": [], "displayId": "GST  tag", "group_write": [], "description": "Vector111"}}, {"pk": 15, "model": "labrack.component", "fields": {"status": "planning", "owners": [], "name": "T7  terminator", "modification_date": "2013-02-25T16:39:36.909Z", "uri": null, "created_by": null, "creation_date": "2013-02-25T16:39:36.892Z", "variantOf": [], "group_read": [], "displayId": "T7  terminator", "group_write": [], "description": ""}}, {"pk": 16, "model": "labrack.component", "fields": {"status": "planning", "owners": [3], "name": "ColE1  pBR322", "modification_date": "2013-02-26T21:18:00.839Z", "uri": null, "created_by": 3, "creation_date": "2013-02-25T16:39:36.918Z", "variantOf": [], "group_read": [], "displayId": "ColE1  pBR322", "group_write": [], "description": ""}}, {"pk": 18, "model": "labrack.component", "fields": {"status": "planning", "owners": [], "name": "lac  operator", "modification_date": "2013-02-25T17:34:37.760Z", "uri": null, "created_by": null, "creation_date": "2013-02-25T17:34:36.401Z", "variantOf": [], "group_read": [], "displayId": "lac  operator", "group_write": [], "description": ""}}, {"pk": 20, "model": "labrack.component", "fields": {"status": "planning", "owners": [], "name": "lac  I", "modification_date": "2013-02-25T18:34:15.652Z", "uri": null, "created_by": null, "creation_date": "2013-02-25T18:34:15.613Z", "variantOf": [], "group_read": [], "displayId": "lac  I", "group_write": [], "description": ""}}, {"pk": 22, "model": "labrack.component", "fields": {"status": "planning", "owners": [], "name": "kan  sequence", "modification_date": "2013-02-25T18:36:09.601Z", "uri": null, "created_by": null, "creation_date": "2013-02-25T18:36:09.571Z", "variantOf": [], "group_read": [], "displayId": "kan  sequence", "group_write": [], "description": ""}}, {"pk": 23, "model": "labrack.component", "fields": {"status": "planning", "owners": [1], "name": "fFERGS", "modification_date": "2013-02-25T18:41:29.536Z", "uri": "", "created_by": 1, "creation_date": "2013-02-25T18:40:36.757Z", "variantOf": [], "group_read": [], "displayId": "FFERGS", "group_write": [], "description": ""}}, {"pk": 25, "model": "labrack.component", "fields": {"status": "planning", "owners": [], "name": "thrombin", "modification_date": "2013-02-25T18:55:50.996Z", "uri": null, "created_by": null, "creation_date": "2013-02-25T18:55:50.935Z", "variantOf": [], "group_read": [], "displayId": "thrombin", "group_write": [], "description": ""}}, {"pk": 26, "model": "labrack.component", "fields": {"status": "planning", "owners": [], "name": "enterokinase", "modification_date": "2013-02-25T18:55:52.872Z", "uri": null, "created_by": null, "creation_date": "2013-02-25T18:55:52.787Z", "variantOf": [], "group_read": [], "displayId": "enterokinase", "group_write": [], "description": ""}}, {"pk": 28, "model": "labrack.component", "fields": {"status": "planning", "owners": [1], "name": "His6-MBP-(Sh3-PRM)5-mCit in pJEx241", "modification_date": "2013-02-27T18:59:27.735Z", "uri": null, "created_by": 1, "creation_date": "2013-02-27T18:59:22.670Z", "variantOf": [], "group_read": [], "displayId": "sbx0002a", "group_write": [], "description": ""}}, {"pk": 29, "model": "labrack.component", "fields": {"status": "planning", "owners": [], "name": "pJ241", "modification_date": "2013-02-27T18:59:27.629Z", "uri": null, "created_by": null, "creation_date": "2013-02-27T18:59:27.571Z", "variantOf": [], "group_read": [], "displayId": "pJ241", "group_write": [], "description": "Vector"}}, {"pk": 30, "model": "labrack.component", "fields": {"status": "planning", "owners": [1], "name": "sbp0002", "modification_date": "2013-02-27T19:17:19.870Z", "uri": null, "created_by": 1, "creation_date": "2013-02-27T19:17:19.846Z", "variantOf": [], "group_read": [], "displayId": "sbp0002", "group_write": [], "description": ""}}, {"pk": 31, "model": "labrack.component", "fields": {"status": "planning", "owners": [3], "name": "", "modification_date": "2013-02-28T16:44:17.506Z", "uri": null, "created_by": 3, "creation_date": "2013-02-28T16:44:17.422Z", "variantOf": [], "group_read": [], "displayId": "sb0001S", "group_write": [], "description": ""}}, {"pk": 32, "model": "labrack.component", "fields": {"status": "planning", "owners": [3], "name": "", "modification_date": "2013-02-28T17:06:02.935Z", "uri": null, "created_by": 3, "creation_date": "2013-02-28T17:06:02.860Z", "variantOf": [], "group_read": [], "displayId": "sb0005S", "group_write": [], "description": ""}}, {"pk": 33, "model": "labrack.component", "fields": {"status": "planning", "owners": [1], "name": "", "modification_date": "2013-02-28T19:40:18.254Z", "uri": null, "created_by": 1, "creation_date": "2013-02-28T19:40:18.175Z", "variantOf": [], "group_read": [], "displayId": "sd1234", "group_write": [], "description": ""}}, {"pk": 1, "model": "labrack.dnacomponent", "fields": {"optimizedFor": null, "owners": [1], "GenBankfile": "documents/GenBank/2013/02/22/pET15b_8.gbk", "sequence": "TTCTCATGTTTGACAGCTTATCATCGATAAGCTTTAATGCGGTAGTTTATCACAGTTAAATTGCTAACGCAGTCAGGCACCGTGTATGAAATCTAACAATGCGCTCATCGTCATCCTCGGCACCGTCACCCTGGATGCTGTAGGCATAGGCTTGGTTATGCCGGTACTGCCGGGCCTCTTGCGGGATATCCGGATATAGTTCCTCCTTTCAGCAAAAAACCCCTCAAGACCCGTTTAGAGGCCCCAAGGGGTTATGCTAGTTATTGCTCAGCGGTGGCAGCAGCCAACTCAGCTTCCTTTCGGGCTTTGTTAGCAGCCGGATCCTCGAGCATATGGCTGCCGCGCGGCACCAGGCCGCTGCTGTGATGATGATGATGATGGCTGCTGCCCATGGTATATCTCCTTCTTAAAGTTAAACAAAATTATTTCTAGAGGGGAATTGTTATCCGCTCACAATTCCCCTATAGTGAGTCGTATTAATTTCGCGGGATCGAGATCTCGATCCTCTACGCCGGACGCATCGTGGCCGGCATCACCGGCGCCACAGGTGCGGTTGCTGGCGCCTATATCGCCGACATCACCGATGGGGAAGATCGGGCTCGCCACTTCGGGCTCATGAGCGCTTGTTTCGGCGTGGGTATGGTGGCAGGCCCCGTGGCCGGGGGACTGTTGGGCGCCATCTCCTTGCATGCACCATTCCTTGCGGCGGCGGTGCTCAACGGCCTCAACCTACTACTGGGCTGCTTCCTAATGCAGGAGTCGCATAAGGGAGAGCGTCGAGATCCCGGACACCATCGAATGGCGCAAAACCTTTCGCGGTATGGCATGATAGCGCCCGGAAGAGAGTCAATTCAGGGTGGTGAATGTGAAACCAGTAACGTTATACGATGTCGCAGAGTATGCCGGTGTCTCTTATCAGACCGTTTCCCGCGTGGTGAACCAGGCCAGCCACGTTTCTGCGAAAACGCGGGAAAAAGTGGAAGCGGCGATGGCGGAGCTGAATTACATTCCCAACCGCGTGGCACAACAACTGGCGGGCAAACAGTCGTTGCTGATTGGCGTTGCCACCTCCAGTCTGGCCCTGCACGCGCCGTCGCAAATTGTCGCGGCGATTAAATCTCGCGCCGATCAACTGGGTGCCAGCGTGGTGGTGTCGATGGTAGAACGAAGCGGCGTCGAAGCCTGTAAAGCGGCGGTGCACAATCTTCTCGCGCAACGCGTCAGTGGGCTGATCATTAACTATCCGCTGGATGACCAGGATGCCATTGCTGTGGAAGCTGCCTGCACTAATGTTCCGGCGTTATTTCTTGATGTCTCTGACCAGACACCCATCAACAGTATTATTTTCTCCCATGAAGACGGTACGCGACTGGGCGTGGAGCATCTGGTCGCATTGGGTCACCAGCAAATCGCGCTGTTAGCGGGCCCATTAAGTTCTGTCTCGGCGCGTCTGCGTCTGGCTGGCTGGCATAAATATCTCACTCGCAATCAAATTCAGCCGATAGCGGAACGGGAAGGCGACTGGAGTGCCATGTCCGGTTTTCAACAAACCATGCAAATGCTGAATGAGGGCATCGTTCCCACTGCGATGCTGGTTGCCAACGATCAGATGGCGCTGGGCGCAATGCGCGCCATTACCGAGTCCGGGCTGCGCGTTGGTGCGGATATCTCGGTAGTGGGATACGACGATACCGAAGACAGCTCATGTTATATCCCGCCGTTAACCACCATCAAACAGGATTTTCGCCTGCTGGGGCAAACCAGCGTGGACCGCTTGCTGCAACTCTCTCAGGGCCAGGCGGTGAAGGGCAATCAGCTGTTGCCCGTCTCACTGGTGAAAAGAAAAACCACCCTGGCGCCCAATACGCAAACCGCCTCTCCCCGCGCGTTGGCCGATTCATTAATGCAGCTGGCACGACAGGTTTCCCGACTGGAAAGCGGGCAGTGAGCGCAACGCAATTAATGTAAGTTAGCTCACTCATTAGGCACCGGGATCTCGACCGATGCCCTTGAGAGCCTTCAACCCAGTCAGCTCCTTCCGGTGGGCGCGGGGCATGACTATCGTCGCCGCACTTATGACTGTCTTCTTTATCATGCAACTCGTAGGACAGGTGCCGGCAGCGCTCTGGGTCATTTTCGGCGAGGACCGCTTTCGCTGGAGCGCGACGATGATCGGCCTGTCGCTTGCGGTATTCGGAATCTTGCACGCCCTCGCTCAAGCCTTCGTCACTGGTCCCGCCACCAAACGTTTCGGCGAGAAGCAGGCCATTATCGCCGGCATGGCGGCCGACGCGCTGGGCTACGTCTTGCTGGCGTTCGCGACGCGAGGCTGGATGGCCTTCCCCATTATGATTCTTCTCGCTTCCGGCGGCATCGGGATGCCCGCGTTGCAGGCCATGCTGTCCAGGCAGGTAGATGACGACCATCAGGGACAGCTTCAAGGATCGCTCGCGGCTCTTACCAGCCTAACTTCGATCACTGGACCGCTGATCGTCACGGCGATTTATGCCGCCTCGGCGAGCACATGGAACGGGTTGGCATGGATTGTAGGCGCCGCCCTATACCTTGTCTGCCTCCCCGCGTTGCGTCGCGGTGCATGGAGCCGGGCCACCTCGACCTGAATGGAAGCCGGCGGCACCTCGCTAACGGATTCACCACTCCAAGAATTGGAGCCAATCAATTCTTGCGGAGAACTGTGAATGCGCAAACCAACCCTTGGCAGAACATATCCATCGCGTCCGCCATCTCCAGCAGCCGCACGCGGCGCATCTCGGGCAGCGTTGGGTCCTGGCCACGGGTGCGCATGATCGTGCTCCTGTCGTTGAGGACCCGGCTAGGCTGGCGGGGTTGCCTTACTGGTTAGCAGAATGAATCACCGATACGCGAGCGAACGTGAAGCGACTGCTGCTGCAAAACGTCTGCGACCTGAGCAACAACATGAATGGTCTTCGGTTTCCGTGTTTCGTAAAGTCTGGAAACGCGGAAGTCAGCGCCCTGCACCATTATGTTCCGGATCTGCATCGCAGGATGCTGCTGGCTACCCTGTGGAACACCTACATCTGTATTAACGAAGCGCTGGCATTGACCCTGAGTGATTTTTCTCTGGTCCCGCCGCATCCATACCGCCAGTTGTTTACCCTCACAACGTTCCAGTAACCGGGCATGTTCATCATCAGTAACCCGTATCGTGAGCATCCTCTCTCGTTTCATCGGTATCATTACCCCCATGAACAGAAATCCCCCTTACACGGAGGCATCAGTGACCAAACAGGAAAAAACCGCCCTTAACATGGCCCGCTTTATCAGAAGCCAGACATTAACGCTTCTGGAGAAACTCAACGAGCTGGACGCGGATGAACAGGCAGACATCTGTGAATCGCTTCACGACCACGCTGATGAGCTTTACCGCAGCTGCCTCGCGCGTTTCGGTGATGACGGTGAAAACCTCTGACACATGCAGCTCCCGGAGACGGTCACAGCTTGTCTGTAAGCGGATGCCGGGAGCAGACAAGCCCGTCAGGGCGCGTCAGCGGGTGTTGGCGGGTGTCGGGGCGCAGCCATGACCCAGTCACGTAGCGATAGCGGAGTGTATACTGGCTTAACTATGCGGCATCAGAGCAGATTGTACTGAGAGTGCACCATATATGCGGTGTGAAATACCGCACAGATGCGTAAGGAGAAAATACCGCATCAGGCGCTCTTCCGCTTCCTCGCTCACTGACTCGCTGCGCTCGGTCGTTCGGCTGCGGCGAGCGGTATCAGCTCACTCAAAGGCGGTAATACGGTTATCCACAGAATCAGGGGATAACGCAGGAAAGAACATGTGAGCAAAAGGCCAGCAAAAGGCCAGGAACCGTAAAAAGGCCGCGTTGCTGGCGTTTTTCCATAGGCTCCGCCCCCCTGACGAGCATCACAAAAATCGACGCTCAAGTCAGAGGTGGCGAAACCCGACAGGACTATAAAGATACCAGGCGTTTCCCCCTGGAAGCTCCCTCGTGCGCTCTCCTGTTCCGACCCTGCCGCTTACCGGATACCTGTCCGCCTTTCTCCCTTCGGGAAGCGTGGCGCTTTCTCATAGCTCACGCTGTAGGTATCTCAGTTCGGTGTAGGTCGTTCGCTCCAAGCTGGGCTGTGTGCACGAACCCCCCGTTCAGCCCGACCGCTGCGCCTTATCCGGTAACTATCGTCTTGAGTCCAACCCGGTAAGACACGACTTATCGCCACTGGCAGCAGCCACTGGTAACAGGATTAGCAGAGCGAGGTATGTAGGCGGTGCTACAGAGTTCTTGAAGTGGTGGCCTAACTACGGCTACACTAGAAGGACAGTATTTGGTATCTGCGCTCTGCTGAAGCCAGTTACCTTCGGAAAAAGAGTTGGTAGCTCTTGATCCGGCAAACAAACCACCGCTGGTAGCGGTGGTTTTTTTGTTTGCAAGCAGCAGATTACGCGCAGAAAAAAAGGATCTCAAGAAGATCCTTTGATCTTTTCTACGGGGTCTGACGCTCAGTGGAACGAAAACTCACGTTAAGGGATTTTGGTCATGAGATTATCAAAAAGGATCTTCACCTAGATCCTTTTAAATTAAAAATGAAGTTTTAAATCAATCTAAAGTATATATGAGTAAACTTGGTCTGACAGTTACCAATGCTTAATCAGTGAGGCACCTATCTCAGCGATCTGTCTATTTCGTTCATCCATAGTTGCCTGACTCCCCGTCGTGTAGATAACTACGATACGGGAGGGCTTACCATCTGGCCCCAGTGCTGCAATGATACCGCGAGACCCACGCTCACCGGCTCCAGATTTATCAGCAATAAACCAGCCAGCCGGAAGGGCCGAGCGCAGAAGTGGTCCTGCAACTTTATCCGCCTCCATCCAGTCTATTAATTGTTGCCGGGAAGCTAGAGTAAGTAGTTCGCCAGTTAATAGTTTGCGCAACGTTGTTGCCATTGCTGCAGGCATCGTGGTGTCACGCTCGTCGTTTGGTATGGCTTCATTCAGCTCCGGTTCCCAACGATCAAGGCGAGTTACATGATCCCCCATGTTGTGCAAAAAAGCGGTTAGCTCCTTCGGTCCTCCGATCGTTGTCAGAAGTAAGTTGGCCGCAGTGTTATCACTCATGGTTATGGCAGCACTGCATAATTCTCTTACTGTCATGCCATCCGTAAGATGCTTTTCTGTGACTGGTGAGTACTCAACCAAGTCATTCTGAGAATAGTGTATGCGGCGACCGAGTTGCTCTTGCCCGGCGTCAACACGGGATAATACCGCGCCACATAGCAGAACTTTAAAAGTGCTCATCATTGGAAAACGTTCTTCGGGGCGAAAACTCTCAAGGATCTTACCGCTGTTGAGATCCAGTTCGATGTAACCCACTCGTGCACCCAACTGATCTTCAGCATCTTTTACTTTCACCAGCGTTTCTGGGTGAGCAAAAACAGGAAGGCAAAATGCCGCAAAAAAGGGAATAAGGGCGACACGGAAATGTTGAATACTCATACTCTTCCTTTTTCAATATTATTGAAGCATTTATCAGGGTTATTGTCTCATGAGCGGATACATATTTGAATGTATTTAGAAAAATAAACAAATAGGGGTTCCGCGCACATTTCCCCGAAAAGTGCCACCTGACGTCTAAGAAACCATTATTATCATGACATTAACCTATAAAAATAGGCGTATCACGAGGCCCTTTCGTCTTCAAGAA", "group_read": [], "componentType": [1], "variantOf": [], "translatesTo": null, "group_write": [], "circular": false}}, {"pk": 2, "model": "labrack.dnacomponent", "fields": {"optimizedFor": null, "owners": [1], "GenBankfile": "", "sequence": "TGCCGCGCGGCACCAG", "group_read": [], "componentType": [12], "variantOf": [], "translatesTo": null, "group_write": [], "circular": false}}, {"pk": 3, "model": "labrack.dnacomponent", "fields": {"optimizedFor": null, "owners": [1], "GenBankfile": "documents/GenBank/2013/02/22/pET41b.gbk", "sequence": "ATCCGGATATAGTTCCTCCTTTCAGCAAAAAACCCCTCAAGACCCGTTTAGAGGCCCCAAGGGGTTATGCTAGTTATTGCTCAGCGGTGGCAGCAGCCAACTCAGCTTCCTTTCGGGCTTTGTTTAGCAGCCTAGGTATTAATCAATTAGTGGTGGTGGTGGTGGTGGTGGTGCTCGAGTGCGGCCGCAAGCTTGTCGACGGAGCTCGCCTGCAGGCGCGCCAAGGCCTGTACAGAATTCGGATCCCCGATATCCATGGGACTCTTGTCGTCGTCATCACCGGAGCCACCACCGGTACCCAGATCTGGGCTGTCCATGTGCTGGCGTTCGAATTTAGCAGCAGCGGTTTCTTTCATACCAATTGCAGTACTACCGCGTGGCACCAGACCCGCGGAGTGATGGTGATGGTGATGACCAGAACCACTAGTTGAACCATCCGATTTTGGAGGATGGTCGCCACCACCAAACGTGGCTTGCCAGCCCTGCAAAGGCCATGCTATATACTTGCTGGATTTCAAGTACTTATCAATTTGTGGGATAGCTTCAATACGTTTTTTAAAACAAACTAATTTTGGGAACGCATCCAGGCACATTGGGTCCATGTATAAAACAACATCAAGAGCGTCATACAACATGAAGTCAGGATGGGTTACATGATCACCATTTAAATATGTTTTATGACATAAACGATCTTCGAACATTTTCAGCATTTCAGGTAGCTTGCTAAGAAAATCAACTTTGAGAGTTTCAAAGTCTTTACTATATGCAATTCTCGAAACACCGTATCTAATATCCAAAACCGCTCCTTCAAGCATTGAAATCTCTGCACGCTCTTTTGGACAACCACCCAACATGTTGTGCTTGTCAGCTATATAACGTATGATGGCCATAGACTGTGTTAATTTAACATCACCATCAATATAATAAGGAAGATTGGGAAACTCCAAACCCAATTCAAACTTTTTGTTTCGCCATTTATCACCTTCATCGCGCTCATACAAATGCTCTTCATATTTTTCTTCAAGATATTCCAAAAGAAGTCGAGTGGGTTGCACAAGGCCCTTAATTTTCCAATAACCTAGTATAGGGGACATATGTATATCTCCTTCTTAAAGTTAAACAAAATTATTTCTAGAGGGGAATTGTTATCCGCTCACAATTCCCCTATAGTGAGTCGTATTAATTTCGCGGGATCGAGATCGATCTCGATCCTCTACGCCGGACGCATCGTGGCCGGCATCACCGGCGCCACAGGTGCGGTTGCTGGCGCCTATATCGCCGACATCACCGATGGGGAAGATCGGGCTCGCCACTTCGGGCTCATGAGCGCTTGTTTCGGCGTGGGTATGGTGGCAGGCCCCGTGGCCGGGGGACTGTTGGGCGCCATCTCCTTGCATGCACCATTCCTTGCGGCGGCGGTGCTCAACGGCCTCAACCTACTACTGGGCTGCTTCCTAATGCAGGAGTCGCATAAGGGAGAGCGTCGAGATCCCGGACACCATCGAATGGCGCAAAACCTTTCGCGGTATGGCATGATAGCGCCCGGAAGAGAGTCAATTCAGGGTGGTGAATGTGAAACCAGTAACGTTATACGATGTCGCAGAGTATGCCGGTGTCTCTTATCAGACCGTTTCCCGCGTGGTGAACCAGGCCAGCCACGTTTCTGCGAAAACGCGGGAAAAAGTGGAAGCGGCGATGGCGGAGCTGAATTACATTCCCAACCGCGTGGCACAACAACTGGCGGGCAAACAGTCGTTGCTGATTGGCGTTGCCACCTCCAGTCTGGCCCTGCACGCGCCGTCGCAAATTGTCGCGGCGATTAAATCTCGCGCCGATCAACTGGGTGCCAGCGTGGTGGTGTCGATGGTAGAACGAAGCGGCGTCGAAGCCTGTAAAGCGGCGGTGCACAATCTTCTCGCGCAACGCGTCAGTGGGCTGATCATTAACTATCCGCTGGATGACCAGGATGCCATTGCTGTGGAAGCTGCCTGCACTAATGTTCCGGCGTTATTTCTTGATGTCTCTGACCAGACACCCATCAACAGTATTATTTTCTCCCATGAAGACGGTACGCGACTGGGCGTGGAGCATCTGGTCGCATTGGGTCACCAGCAAATCGCGCTGTTAGCGGGCCCATTAAGTTCTGTCTCGGCGCGTCTGCGTCTGGCTGGCTGGCATAAATATCTCACTCGCAATCAAATTCAGCCGATAGCGGAACGGGAAGGCGACTGGAGTGCCATGTCCGGTTTTCAACAAACCATGCAAATGCTGAATGAGGGCATCGTTCCCACTGCGATGCTGGTTGCCAACGATCAGATGGCGCTGGGCGCAATGCGCGCCATTACCGAGTCCGGGCTGCGCGTTGGTGCGGACATCTCGGTAGTGGGATACGACGATACCGAAGACAGCTCATGTTATATCCCGCCGTTAACCACCATCAAACAGGATTTTCGCCTGCTGGGGCAAACCAGCGTGGACCGCTTGCTGCAACTCTCTCAGGGCCAGGCGGTGAAGGGCAATCAGCTGTTGCCCGTCTCACTGGTGAAAAGAAAAACCACCCTGGCGCCCAATACGCAAACCGCCTCTCCCCGCGCGTTGGCCGATTCATTAATGCAGCTGGCACGACAGGTTTCCCGACTGGAAAGCGGGCAGTGAGCGCAACGCAATTAATGTAAGTTAGCTCACTCATTAGGCACCGGGATCTCGACCGATGCCCTTGAGAGCCTTCAACCCAGTCAGCTCCTTCCGGTGGGCGCGGGGCATGACTAGCATGATCGTGCTCCTGTCGTTGAGGACCCGGCTAGGCTGGCGGGGTTGCCTTACTGGTTAGCAGAATGAATCACCGATACGCGAGCGAACGTGAAGCGACTGCTGCTGCAAAACGTCTGCGACCTGAGCAACAACATGAATGGTCTTCGGTTTCCGTGTTTCGTAAAGTCTGGAAACGCGGAAGTCAGCGCCCTGCACCATTATGTTCCGGATCTGCATCGCAGGATGCTGCTGGCTACCCTGTGGAACACCTACATCTGTATTAACGAAGCGCTGGCATTGACCCTGAGTGATTTTTCTCTGGTCCCGCCGCATCCATACCGCCAGTTGTTTACCCTCACAACGTTCCAGTAACCGGGCATGTTCATCATCAGTAACCCGTATCGTGAGCATCCTCTCTCGTTTCATCGGTATCATTACCCCCATGAACAGAAATCCCCCTTACACGGAGGCATCAGTGACCAAACAGGAAAAAACCGCCCTTAACATGGCCCGCTTTATCAGAAGCCAGACATTAACGCTTCTGGAGAAACTCAACGAGCTGGACGCGGATGAACAGGCAGACATCTGTGAATCGCTTCACGACCACGCTGATGAGCTTTACCGCAGCTGCCTCGCGCGTTTCGGTGATGACGGTGAAAACCTCTGACACATGCAGCTCCCGGAGACGGTCACAGCTTGTCTGTAAGCGGATGCCGGGAGCAGACAAGCCCGTCAGGGCGCGTCAGCGGGTGTTGGCGGGTGTCGGGGCGCAGCCATGACCCAGTCACGTAGCGATAGCGGAGTGTATACTGGCTTAACTATGCGGCATCAGAGCAGATTGTACTGAGAGTGCACCATATATGCGGTGTGAAATACCGCACAGATGCGTAAGGAGAAAATACCGCATCAGGCGCTCTTCCGCTTCCTCGCTCACTGACTCGCTGCGCTCGGTCGTTCGGCTGCGGCGAGCGGTATCAGCTCACTCAAAGGCGGTAATACGGTTATCCACAGAATCAGGGGATAACGCAGGAAAGAACATGTGAGCAAAAGGCCAGCAAAAGGCCAGGAACCGTAAAAAGGCCGCGTTGCTGGCGTTTTTCCATAGGCTCCGCCCCCCTGACGAGCATCACAAAAATCGACGCTCAAGTCAGAGGTGGCGAAACCCGACAGGACTATAAAGATACCAGGCGTTTCCCCCTGGAAGCTCCCTCGTGCGCTCTCCTGTTCCGACCCTGCCGCTTACCGGATACCTGTCCGCCTTTCTCCCTTCGGGAAGCGTGGCGCTTTCTCATAGCTCACGCTGTAGGTATCTCAGTTCGGTGTAGGTCGTTCGCTCCAAGCTGGGCTGTGTGCACGAACCCCCCGTTCAGCCCGACCGCTGCGCCTTATCCGGTAACTATCGTCTTGAGTCCAACCCGGTAAGACACGACTTATCGCCACTGGCAGCAGCCACTGGTAACAGGATTAGCAGAGCGAGGTATGTAGGCGGTGCTACAGAGTTCTTGAAGTGGTGGCCTAACTACGGCTACACTAGAAGGACAGTATTTGGTATCTGCGCTCTGCTGAAGCCAGTTACCTTCGGAAAAAGAGTTGGTAGCTCTTGATCCGGCAAACAAACCACCGCTGGTAGCGGTGGTTTTTTTGTTTGCAAGCAGCAGATTACGCGCAGAAAAAAAGGATCTCAAGAAGATCCTTTGATCTTTTCTACGGGGTCTGACGCTCAGTGGAACGAAAACTCACGTTAAGGGATTTTGGTCATGAACAATAAAACTGTCTGCTTACATAAACAGTAATACAAGGGGTGTTATGAGCCATATTCAACGGGAAACGTCTTGCTCTAGGCCGCGATTAAATTCCAACATGGATGCTGATTTATATGGGTATAAATGGGCTCGCGATAATGTCGGGCAATCAGGTGCGACAATCTATCGATTGTATGGGAAGCCCGATGCGCCAGAGTTGTTTCTGAAACATGGCAAAGGTAGCGTTGCCAATGATGTTACAGATGAGATGGTCAGACTAAACTGGCTGACGGAATTTATGCCTCTTCCGACCATCAAGCATTTTATCCGTACTCCTGATGATGCATGGTTACTCACCACTGCGATCCCCGGGAAAACAGCATTCCAGGTATTAGAAGAATATCCTGATTCAGGTGAAAATATTGTTGATGCGCTGGCAGTGTTCCTGCGCCGGTTGCATTCGATTCCTGTTTGTAATTGTCCTTTTAACAGCGATCGCGTATTTCGTCTCGCTCAGGCGCAATCACGAATGAATAACGGTTTGGTTGATGCGAGTGATTTTGATGACGAGCGTAATGGCTGGCCTGTTGAACAAGTCTGGAAAGAAATGCATAAACTTTTGCCATTCTCACCGGATTCAGTCGTCACTCATGGTGATTTCTCACTTGATAACCTTATTTTTGACGAGGGGAAATTAATAGGTTGTATTGATGTTGGACGAGTCGGAATCGCAGACCGATACCAGGATCTTGCCATCCTATGGAACTGCCTCGGTGAGTTTTCTCCTTCATTACAGAAACGGCTTTTTCAAAAATATGGTATTGATAATCCTGATATGAATAAATTGCAGTTTCATTTGATGCTCGATGAGTTTTTCTAAGAATTAATTCATGAGCGGATACATATTTGAATGTATTTAGAAAAATAAACAAATAGGGGTTCCGCGCACATTTCCCCGAAAAGTGCCACCTGAAATTGTAAACGTTAATATTTTGTTAAAATTCGCGTTAAATTTTTGTTAAATCAGCTCATTTTTTAACCAATAGGCCGAAATCGGCAAAATCCCTTATAAATCAAAAGAATAGACCGAGATAGGGTTGAGTGTTGTTCCAGTTTGGAACAAGAGTCCACTATTAAAGAACGTGGACTCCAACGTCAAAGGGCGAAAAACCGTCTATCAGGGCGATGGCCCACTACGTGAACCATCACCCTAATCAAGTTTTTTGGGGTCGAGGTGCCGTAAAGCACTAAATCGGAACCCTAAAGGGAGCCCCCGATTTAGAGCTTGACGGGGAAAGCCGGCGAACGTGGCGAGAAAGGAAGGGAAGAAAGCGAAAGGAGCGGGCGCTAGGGCGCTGGCAAGTGTAGCGGTCACGCTGCGCGTAACCACCACACCCGCCGCGCTTAATGCGCCGCTACAGGGCGCGTCCCATTCGCCA", "group_read": [], "componentType": [], "variantOf": [], "translatesTo": null, "group_write": [], "circular": false}}, {"pk": 4, "model": "labrack.dnacomponent", "fields": {"optimizedFor": null, "owners": [1], "GenBankfile": "", "sequence": "TGAAACCAGTAACGTTATACGATGTCGCAGAGTATGCCGGTGTCTCTTATCAGACCGTTTCCCGCGTGGTGAACCAGGCCAGCCACGTTTCTGCGAAAACGCGGGAAAAAGTGGAAGCGGCGATGGCGGAGCTGAATTACATTCCCAACCGCGTGGCACAACAACTGGCGGGCAAACAGTCGTTGCTGATTGGCGTTGCCACCTCCAGTCTGGCCCTGCACGCGCCGTCGCAAATTGTCGCGGCGATTAAATCTCGCGCCGATCAACTGGGTGCCAGCGTGGTGGTGTCGATGGTAGAACGAAGCGGCGTCGAAGCCTGTAAAGCGGCGGTGCACAATCTTCTCGCGCAACGCGTCAGTGGGCTGATCATTAACTATCCGCTGGATGACCAGGATGCCATTGCTGTGGAAGCTGCCTGCACTAATGTTCCGGCGTTATTTCTTGATGTCTCTGACCAGACACCCATCAACAGTATTATTTTCTCCCATGAAGACGGTACGCGACTGGGCGTGGAGCATCTGGTCGCATTGGGTCACCAGCAAATCGCGCTGTTAGCGGGCCCATTAAGTTCTGTCTCGGCGCGTCTGCGTCTGGCTGGCTGGCATAAATATCTCACTCGCAATCAAATTCAGCCGATAGCGGAACGGGAAGGCGACTGGAGTGCCATGTCCGGTTTTCAACAAACCATGCAAATGCTGAATGAGGGCATCGTTCCCACTGCGATGCTGGTTGCCAACGATCAGATGGCGCTGGGCGCAATGCGCGCCATTACCGAGTCCGGGCTGCGCGTTGGTGCGGACATCTCGGTAGTGGGATACGACGATACCGAAGACAGCTCATGTTATATCCCGCCGTTAACCACCATCAAACAGGATTTTCGCCTGCTGGGGCAAACCAGCGTGGACCGCTTGCTGCAACTCTCTCAGGGCCAGGCGGTGAAGGGCAATCAGCTGTTGCCCGTCTCACTGGTGAAAAGAAAAACCACCCTGGCGCCCAATACGCAAACCGCCTCTCCCCGCGCGTTGGCCGATTCATTAATGCAGCTGGCACGACAGGTTTCCCGACTGGAAAGCGGGCAGTGA", "group_read": [], "componentType": [12], "variantOf": [], "translatesTo": null, "group_write": [], "circular": false}}, {"pk": 5, "model": "labrack.dnacomponent", "fields": {"optimizedFor": null, "owners": [1], "GenBankfile": "documents/GenBank/2013/02/22/pET52b.gbk", "sequence": "TGGCGAATGGGACGCGCCCTGTAGCGGCGCATTAAGCGCGGCGGGTGTGGTGGTTACGCGCAGCGTGACCGCTACACTTGCCAGCGCCCTAGCGCCCGCTCCTTTCGCTTTCTTCCCTTCCTTTCTCGCCACGTTCGCCGGCTTTCCCCGTCAAGCTCTAAATCGGGGGCTCCCTTTAGGGTTCCGATTTAGTGCTTTACGGCACCTCGACCCCAAAAAACTTGATTAGGGTGATGGTTCACGTAGTGGGCCATCGCCCTGATAGACGGTTTTTCGCCCTTTGACGTTGGAGTCCACGTTCTTTAATAGTGGACTCTTGTTCCAAACTGGAACAACACTCAACCCTATCTCGGTCTATTCTTTTGATTTATAAGGGATTTTGCCGATTTCGGCCTATTGGTTAAAAAATGAGCTGATTTAACAAAAATTTAACGCGAATTTTAACAAAATATTAACGTTTACAATTTCTGGCGGCACGATGGCATGAGATTATCAAAAAGGATCTTCACCTAGATCCTTTTAAATTAAAAATGAAGTTTTAAATCAATCTAAAGTATATATGAGTAAACTTGGTCTGACAGTTACCAATGCTTAATCAGTGAGGCACCTATCTCAGCGATCTGTCTATTTCGTTCATCCATAGTTGCCTGACTCCCCGTCGTGTAGATAACTACGATACGGGAGGGCTTACCATCTGGCCCCAGTGCTGCAATGATACCGCGAGACCCACGCTCACCGGCTCCAGATTTATCAGCAATAAACCAGCCAGCCGGAAGGGCCGAGCGCAGAAGTGGTCCTGCAACTTTATCCGCCTCCATCCAGTCTATTAATTGTTGCCGGGAAGCTAGAGTAAGTAGTTCGCCAGTTAATAGTTTGCGCAACGTTGTTGCCATTGCTACAGGCATCGTGGTGTCACGCTCGTCGTTTGGTATGGCTTCATTCAGCTCCGGTTCCCAACGATCAAGGCGAGTTACATGATCCCCCATGTTGTGCAAAAAAGCGGTTAGCTCCTTCGGTCCTCCGATCGTTGTCAGAAGTAAGTTGGCCGCAGTGTTATCACTCATGGTTATGGCAGCACTGCATAATTCTCTTACTGTCATGCCATCCGTAAGATGCTTTTCTGTGACTGGTGAGTACTCAACCAAGTCATTCTGAGAATAGTGTATGCGGCGACCGAGTTGCTCTTGCCCGGCGTCAATACGGGATAATACCGCGCCACATAGCAGAACTTTAAAAGTGCTCATCATTGGAAAACGTTCTTCGGGGCGAAAACTCTCAAGGATCTTACCGCTGTTGAGATCCAGTTCGATGTAACCCACTCGTGCACCCAACTGATCTTCAGCATCTTTTACTTTCACCAGCGTTTCTGGGTGAGCAAAAACAGGAAGGCAAAATGCCGCAAAAAAGGGAATAAGGGCGACACGGAAATGTTGAATACTCATACTCTTCCTTTTTCAATCATGATTGAAGCATTTATCAGGGTTATTGTCTCATGAGCGGATACATATTTGAATGTATTTAGAAAAATAAACAAATAGGTCATGACCAAAATCCCTTAACGTGAGTTTTCGTTCCACTGAGCGTCAGACCCCGTAGAAAAGATCAAAGGATCTTCTTGAGATCCTTTTTTTCTGCGCGTAATCTGCTGCTTGCAAACAAAAAAACCACCGCTACCAGCGGTGGTTTGTTTGCCGGATCAAGAGCTACCAACTCTTTTTCCGAAGGTAACTGGCTTCAGCAGAGCGCAGATACCAAATACTGTCCTTCTAGTGTAGCCGTAGTTAGGCCACCACTTCAAGAACTCTGTAGCACCGCCTACATACCTCGCTCTGCTAATCCTGTTACCAGTGGCTGCTGCCAGTGGCGATAAGTCGTGTCTTACCGGGTTGGACTCAAGACGATAGTTACCGGATAAGGCGCAGCGGTCGGGCTGAACGGGGGGTTCGTGCACACAGCCCAGCTTGGAGCGAACGACCTACACCGAACTGAGATACCTACAGCGTGAGCTATGAGAAAGCGCCACGCTTCCCGAAGGGAGAAAGGCGGACAGGTATCCGGTAAGCGGCAGGGTCGGAACAGGAGAGCGCACGAGGGAGCTTCCAGGGGGAAACGCCTGGTATCTTTATAGTCCTGTCGGGTTTCGCCACCTCTGACTTGAGCGTCGATTTTTGTGATGCTCGTCAGGGGGGCGGAGCCTATGGAAAAACGCCAGCAACGCGGCCTTTTTACGGTTCCTGGCCTTTTGCTGGCCTTTTGCTCACATGTTCTTTCCTGCGTTATCCCCTGATTCTGTGGATAACCGTATTACCGCCTTTGAGTGAGCTGATACCGCTCGCCGCAGCCGAACGACCGAGCGCAGCGAGTCAGTGAGCGAGGAAGCGGAAGAGCGCCTGATGCGGTATTTTCTCCTTACGCATCTGTGCGGTATTTCACACCGCATATATGGTGCACTCTCAGTACAATCTGCTCTGATGCCGCATAGTTAAGCCAGTATACACTCCGCTATCGCTACGTGACTGGGTCATGGCTGCGCCCCGACACCCGCCAACACCCGCTGACGCGCCCTGACGGGCTTGTCTGCTCCCGGCATCCGCTTACAGACAAGCTGTGACCGTCTCCGGGAGCTGCATGTGTCAGAGGTTTTCACCGTCATCACCGAAACGCGCGAGGCAGCTGCGGTAAAGCTCATCAGCGTGGTCGTGAAGCGATTCACAGATGTCTGCCTGTTCATCCGCGTCCAGCTCGTTGAGTTTCTCCAGAAGCGTTAATGTCTGGCTTCTGATAAAGCGGGCCATGTTAAGGGCGGTTTTTTCCTGTTTGGTCACTGATGCCTCCGTGTAAGGGGGATTTCTGTTCATGGGGGTAATGATACCGATGAAACGAGAGAGGATGCTCACGATACGGGTTACTGATGATGAACATGCCCGGTTACTGGAACGTTGTGAGGGTAAACAACTGGCGGTATGGATGCGGCGGGACCAGAGAAAAATCACTCAGGGTCAATGCCAGCGCTTCGTTAATACAGATGTAGGTGTTCCACAGGGTAGCCAGCAGCATCCTGCGATGCAGATCCGGAACATAATGGTGCAGGGCGCTGACTTCCGCGTTTCCAGACTTTACGAAACACGGAAACCGAAGACCATTCATGTTGTTGCTCAGGTCGCAGACGTTTTGCAGCAGCAGTCGCTTCACGTTCGCTCGCGTATCGGTGATTCATTCTGCTAACCAGTAAGGCAACCCCGCCAGCCTAGCCGGGTCCTCAACGACAGGAGCACGATCATGCTAGTCATGCCCCGCGCCCACCGGAAGGAGCTGACTGGGTTGAAGGCTCTCAAGGGCATCGGTCGAGATCCCGGTGCCTAATGAGTGAGCTAACTTACATTAATTGCGTTGCGCTCACTGCCCGCTTTCCAGTCGGGAAACCTGTCGTGCCAGCTGCATTAATGAATCGGCCAACGCGCGGGGAGAGGCGGTTTGCGTATTGGGCGCCAGGGTGGTTTTTCTTTTCACCAGTGAGACGGGCAACAGCTGATTGCCCTTCACCGCCTGGCCCTGAGAGAGTTGCAGCAAGCGGTCCACGCTGGTTTGCCCCAGCAGGCGAAAATCCTGTTTGATGGTGGTTAACGGCGGGATATAACATGAGCTGTCTTCGGTATCGTCGTATCCCACTACCGAGATGTCCGCACCAACGCGCAGCCCGGACTCGGTAATGGCGCGCATTGCGCCCAGCGCCATCTGATCGTTGGCAACCAGCATCGCAGTGGGAACGATGCCCTCATTCAGCATTTGCATGGTTTGTTGAAAACCGGACATGGCACTCCAGTCGCCTTCCCGTTCCGCTATCGGCTGAATTTGATTGCGAGTGAGATATTTATGCCAGCCAGCCAGACGCAGACGCGCCGAGACAGAACTTAATGGGCCCGCTAACAGCGCGATTTGCTGGTGACCCAATGCGACCAGATGCTCCACGCCCAGTCGCGTACCGTCTTCATGGGAGAAAATAATACTGTTGATGGGTGTCTGGTCAGAGACATCAAGAAATAACGCCGGAACATTAGTGCAGGCAGCTTCCACAGCAATGGCATCCTGGTCATCCAGCGGATAGTTAATGATCAGCCCACTGACGCGTTGCGCGAGAAGATTGTGCACCGCCGCTTTACAGGCTTCGACGCCGCTTCGTTCTACCATCGACACCACCACGCTGGCACCCAGTTGATCGGCGCGAGATTTAATCGCCGCGACAATTTGCGACGGCGCGTGCAGGGCCAGACTGGAGGTGGCAACGCCAATCAGCAACGACTGTTTGCCCGCCAGTTGTTGTGCCACGCGGTTGGGAATGTAATTCAGCTCCGCCATCGCCGCTTCCACTTTTTCCCGCGTTTTCGCAGAAACGTGGCTGGCCTGGTTCACCACGCGGGAAACGGTCTGATAAGAGACACCGGCATACTCTGCGACATCGTATAACGTTACTGGTTTCACATTCACCACCCTGAATTGACTCTCTTCCGGGCGCTATCATGCCATACCGCGAAAGGTTTTGCGCCATTCGATGGTGTCCGGGATCTCGACGCTCTCCCTTATGCGACTCCTGCATTAGGAAGCAGCCCAGTAGTAGGTTGAGGCCGTTGAGCACCGCCGCCGCAAGGAATGGTGCATGCAAGGAGATGGCGCCCAACAGTCCCCCGGCCACGGGGCCTGCCACCATACCCACGCCGAAACAAGCGCTCATGAGCCCGAAGTGGCGAGCCCGATCTTCCCCATCGGTGATGTCGGCGATATAGGCGCCAGCAACCGCACCTGTGGCGCCGGTGATGCCGGCCACGATGCGTCCGGCGTAGAGGATCGAGATCGATCTCGATCCCGCGAAATTAATACGACTCACTATAGGGGAATTGTGAGCGGATAACAATTCCCCTCTAGAAATAATTTTGTTTAACTTTAAGAAGGAGATATACCATGGCAAGCTGGAGCCACCCGCAGTTCGAAAAGGGTGCACTTGAAGTCCTCTTTCAGGGACCCGGGTACCAGGATCCTGTACAAGTCGACGCGGCCGCAGAGCTCGCTCTGGTGCCACGCGGTAGTTCCGCTCATCACCACCATCATCACCATCACCACCACTAATTAACCTAGGCTGCTGCCACCGCTGAGCAATAACTAGCATAACCCCTTGGGGCCTCTAAACGGGTCTTGAGGGGTTTTTTGCTGAAAGGAGGAACTATATCCGGAT", "group_read": [], "componentType": [], "variantOf": [], "translatesTo": null, "group_write": [], "circular": false}}, {"pk": 6, "model": "labrack.dnacomponent", "fields": {"optimizedFor": null, "owners": [], "GenBankfile": "", "sequence": "CTTGCAAACAAAAAAACCACCGCTACCAGCGGTGGTTTGTTTGCCGGATCAAGAGCTACCAACTCTTTTTCCGAAGGTAACTGGCTTCAGCAGAGCGCAGATACCAAATACTGTCCTTCTAGTGTAGCCGTAGTTAGGCCACCACTTCAAGAACTCTGTAGCACCGCCTACATACCTCGCTCTGCTAATCCTGTTACCAGTGGCTGCTGCCAGTGGCGATAAGTCGTGTCTTACCGGGTTGGACTCAAGACGATAGTTACCGGATAAGGCGCAGCGGTCGGGCTGAACGGGGGGTTCGTGCACACAGCCCAGCTTGGAGCGAACGACCTACACCGAACTGAGATACCTACAGCGTGAGCTATGAGAAAGCGCCACGCTTCCCGAAGGGAGAAAGGCGGACAGGTATCCGGTAAGCGGCAGGGTCGGAACAGGAGAGCGCACGAGGGAGCTTCCAGGGGGAAACGCCTGGTATCTTTATAGTCCTGTCGGGTTTCGCCACCTCTGACTTGAGCGTCGATTTTTGTGATGCTCGTCAGGGGGGCGGAGCCTATGGAA", "group_read": [], "componentType": [3], "variantOf": [], "translatesTo": null, "group_write": [], "circular": false}}, {"pk": 7, "model": "labrack.dnacomponent", "fields": {"optimizedFor": null, "owners": [], "GenBankfile": "", "sequence": "CAGAGGTTTTCACCGTCATCACCGAAACGCGCGAGGCAGCTGCGGTAAAGCTCATCAGCGTGGTCGTGAAGCGATTCACAGATGTCTGCCTGTTCATCCGCGTCCAGCTCGTTGAGTTTCTCCAGAAGCGTTAATGTCTGGCTTCTGATAAAGCGGGCCATGTTAAGGGCGGTTTTTTCCTGTTTGGTCAC", "group_read": [], "componentType": [3], "variantOf": [], "translatesTo": null, "group_write": [], "circular": false}}, {"pk": 8, "model": "labrack.dnacomponent", "fields": {"optimizedFor": null, "owners": [], "GenBankfile": "", "sequence": "AGGAG", "group_read": [], "componentType": [3], "variantOf": [], "translatesTo": null, "group_write": [], "circular": false}}, {"pk": 9, "model": "labrack.dnacomponent", "fields": {"optimizedFor": null, "owners": [], "GenBankfile": "", "sequence": "TGCGTCCGGCGTAGA", "group_read": [], "componentType": [3], "variantOf": [], "translatesTo": null, "group_write": [], "circular": false}}, {"pk": 10, "model": "labrack.dnacomponent", "fields": {"optimizedFor": null, "owners": [], "GenBankfile": "", "sequence": "", "group_read": [], "componentType": [3], "variantOf": [], "translatesTo": null, "group_write": [], "circular": false}}, {"pk": 11, "model": "labrack.dnacomponent", "fields": {"optimizedFor": null, "owners": [], "GenBankfile": "", "sequence": "GCGCCCTGTAGCGGCGCATTAAGCGCGGCGGGTGTGGTGGTTACGCGCAGCGTGACCGCTACACTTGCCAGCGCCCTAGCGCCCGCTCCTTTCGCTTTCTTCCCTTCCTTTCTCGCCACGTTCGCCGGCTTTCCCCGTCAAGCTCTAAATCGGGGGCTCCCTTTAGGGTTCCGATTTAGTGCTTTACGGCACCTCGACCCCAAAAAACTTGATTAGGGTGATGGTTCACGTAGTGGGCCATCGCCCTGATAGACGGTTTTTCGCCCTTTGACGTTGGAGTCCACGTTCTTTAATAGTGGACTCTTGTTCCAAACTGGAACAACACTCAACCCTATCTCGGTCTATTCTTTTGATTTATAAGGGATTTTGCCGATTTCGGCCTATTGGTTAAAAAATGAGCTGATTTAACAAAAATTTAACGCGAATTTTAACAAAATATTAACGTTT", "group_read": [], "componentType": [3], "variantOf": [], "translatesTo": null, "group_write": [], "circular": false}}, {"pk": 14, "model": "labrack.dnacomponent", "fields": {"optimizedFor": null, "owners": [], "GenBankfile": "", "sequence": "TCCGATTTTGGAGGATGGTCGCCACCACCAAACGTGGCTTGCCAGCCCTGCAAAGGCCATGCTATATACTTGCTGGATTTCAAGTACTTATCAATTTGTGGGATAGCTTCAATACGTTTTTTAAAACAAACTAATTTTGGGAACGCATCCAGGCACATTGGGTCCATGTATAAAACAACATCAAGAGCGTCATACAACATGAAGTCAGGATGGGTTACATGATCACCATTTAAATATGTTTTATGACATAAACGATCTTCGAACATTTTCAGCATTTCAGGTAGCTTGCTAAGAAAATCAACTTTGAGAGTTTCAAAGTCTTTACTATATGCAATTCTCGAAACACCGTATCTAATATCCAAAACCGCTCCTTCAAGCATTGAAATCTCTGCACGCTCTTTTGGACAACCACCCAACATGTTGTGCTTGTCAGCTATATAACGTATGATGGCCATAGACTGTGTTAATTTAACATCACCATCAATATAATAAGGAAGATTGGGAAACTCCAAACCCAATTCAAACTTTTTGTTTCGCCATTTATCACCTTCATCGCGCTCATACAAATGCTCTTCATATTTTTCTTCAAGATATTCCAAAAGAAGTCGAGTGGGTTGCACAAGGCCCTTAATTTTCCAATAACCTAGTATAGGGGACAT", "group_read": [], "componentType": [1], "variantOf": [], "translatesTo": null, "group_write": [], "circular": false}}, {"pk": 15, "model": "labrack.dnacomponent", "fields": {"optimizedFor": null, "owners": [], "GenBankfile": "", "sequence": "AAAAAACCCCTCAAGACCCGTTTAGAGGCCCCAAGGGGTTATGCTA", "group_read": [], "componentType": [3], "variantOf": [], "translatesTo": null, "group_write": [], "circular": false}}, {"pk": 16, "model": "labrack.dnacomponent", "fields": {"optimizedFor": null, "owners": [3], "GenBankfile": "", "sequence": "", "group_read": [], "componentType": [3], "variantOf": [], "translatesTo": null, "group_write": [], "circular": false}}, {"pk": 18, "model": "labrack.dnacomponent", "fields": {"optimizedFor": null, "owners": [], "GenBankfile": "", "sequence": "GAATTGTTATCCGCTCACAATTCC", "group_read": [], "componentType": [12], "variantOf": [], "translatesTo": null, "group_write": [], "circular": false}}, {"pk": 20, "model": "labrack.dnacomponent", "fields": {"optimizedFor": null, "owners": [], "GenBankfile": "", "sequence": "TGAAACCAGTAACGTTATACGATGTCGCAGAGTATGCCGGTGTCTCTTATCAGACCGTTTCCCGCGTGGTGAACCAGGCCAGCCACGTTTCTGCGAAAACGCGGGAAAAAGTGGAAGCGGCGATGGCGGAGCTGAATTACATTCCCAACCGCGTGGCACAACAACTGGCGGGCAAACAGTCGTTGCTGATTGGCGTTGCCACCTCCAGTCTGGCCCTGCACGCGCCGTCGCAAATTGTCGCGGCGATTAAATCTCGCGCCGATCAACTGGGTGCCAGCGTGGTGGTGTCGATGGTAGAACGAAGCGGCGTCGAAGCCTGTAAAGCGGCGGTGCACAATCTTCTCGCGCAACGCGTCAGTGGGCTGATCATTAACTATCCGCTGGATGACCAGGATGCCATTGCTGTGGAAGCTGCCTGCACTAATGTTCCGGCGTTATTTCTTGATGTCTCTGACCAGACACCCATCAACAGTATTATTTTCTCCCATGAAGACGGTACGCGACTGGGCGTGGAGCATCTGGTCGCATTGGGTCACCAGCAAATCGCGCTGTTAGCGGGCCCATTAAGTTCTGTCTCGGCGCGTCTGCGTCTGGCTGGCTGGCATAAATATCTCACTCGCAATCAAATTCAGCCGATAGCGGAACGGGAAGGCGACTGGAGTGCCATGTCCGGTTTTCAACAAACCATGCAAATGCTGAATGAGGGCATCGTTCCCACTGCGATGCTGGTTGCCAACGATCAGATGGCGCTGGGCGCAATGCGCGCCATTACCGAGTCCGGGCTGCGCGTTGGTGCGGACATCTCGGTAGTGGGATACGACGATACCGAAGACAGCTCATGTTATATCCCGCCGTTAACCACCATCAAACAGGATTTTCGCCTGCTGGGGCAAACCAGCGTGGACCGCTTGCTGCAACTCTCTCAGGGCCAGGCGGTGAAGGGCAATCAGCTGTTGCCCGTCTCACTGGTGAAAAGAAAAACCACCCTGGCGCCCAATACGCAAACCGCCTCTCCCCGCGCGTTGGCCGATTCATTAATGCAGCTGGCACGACAGGTTTCCCGACTGGAAAGCGGGCAGTGA", "group_read": [], "componentType": [12], "variantOf": [], "translatesTo": null, "group_write": [], "circular": false}}, {"pk": 22, "model": "labrack.dnacomponent", "fields": {"optimizedFor": null, "owners": [], "GenBankfile": "", "sequence": "TGAGCCATATTCAACGGGAAACGTCTTGCTCTAGGCCGCGATTAAATTCCAACATGGATGCTGATTTATATGGGTATAAATGGGCTCGCGATAATGTCGGGCAATCAGGTGCGACAATCTATCGATTGTATGGGAAGCCCGATGCGCCAGAGTTGTTTCTGAAACATGGCAAAGGTAGCGTTGCCAATGATGTTACAGATGAGATGGTCAGACTAAACTGGCTGACGGAATTTATGCCTCTTCCGACCATCAAGCATTTTATCCGTACTCCTGATGATGCATGGTTACTCACCACTGCGATCCCCGGGAAAACAGCATTCCAGGTATTAGAAGAATATCCTGATTCAGGTGAAAATATTGTTGATGCGCTGGCAGTGTTCCTGCGCCGGTTGCATTCGATTCCTGTTTGTAATTGTCCTTTTAACAGCGATCGCGTATTTCGTCTCGCTCAGGCGCAATCACGAATGAATAACGGTTTGGTTGATGCGAGTGATTTTGATGACGAGCGTAATGGCTGGCCTGTTGAACAAGTCTGGAAAGAAATGCATAAACTTTTGCCATTCTCACCGGATTCAGTCGTCACTCATGGTGATTTCTCACTTGATAACCTTATTTTTGACGAGGGGAAATTAATAGGTTGTATTGATGTTGGACGAGTCGGAATCGCAGACCGATACCAGGATCTTGCCATCCTATGGAACTGCCTCGGTGAGTTTTCTCCTTCATTACAGAAACGGCTTTTTCAAAAATATGGTATTGATAATCCTGATATGAATAAATTGCAGTTTCATTTGATGCTCGATGAGTTTTTCTAA", "group_read": [], "componentType": [12], "variantOf": [], "translatesTo": null, "group_write": [], "circular": false}}, {"pk": 23, "model": "labrack.dnacomponent", "fields": {"optimizedFor": null, "owners": [1], "GenBankfile": "documents/GenBank/2013/02/25/pET41b_13.gbk", "sequence": "ATCCGGATATAGTTCCTCCTTTCAGCAAAAAACCCCTCAAGACCCGTTTAGAGGCCCCAAGGGGTTATGCTAGTTATTGCTCAGCGGTGGCAGCAGCCAACTCAGCTTCCTTTCGGGCTTTGTTTAGCAGCCTAGGTATTAATCAATTAGTGGTGGTGGTGGTGGTGGTGGTGCTCGAGTGCGGCCGCAAGCTTGTCGACGGAGCTCGCCTGCAGGCGCGCCAAGGCCTGTACAGAATTCGGATCCCCGATATCCATGGGACTCTTGTCGTCGTCATCACCGGAGCCACCACCGGTACCCAGATCTGGGCTGTCCATGTGCTGGCGTTCGAATTTAGCAGCAGCGGTTTCTTTCATACCAATTGCAGTACTACCGCGTGGCACCAGACCCGCGGAGTGATGGTGATGGTGATGACCAGAACCACTAGTTGAACCATCCGATTTTGGAGGATGGTCGCCACCACCAAACGTGGCTTGCCAGCCCTGCAAAGGCCATGCTATATACTTGCTGGATTTCAAGTACTTATCAATTTGTGGGATAGCTTCAATACGTTTTTTAAAACAAACTAATTTTGGGAACGCATCCAGGCACATTGGGTCCATGTATAAAACAACATCAAGAGCGTCATACAACATGAAGTCAGGATGGGTTACATGATCACCATTTAAATATGTTTTATGACATAAACGATCTTCGAACATTTTCAGCATTTCAGGTAGCTTGCTAAGAAAATCAACTTTGAGAGTTTCAAAGTCTTTACTATATGCAATTCTCGAAACACCGTATCTAATATCCAAAACCGCTCCTTCAAGCATTGAAATCTCTGCACGCTCTTTTGGACAACCACCCAACATGTTGTGCTTGTCAGCTATATAACGTATGATGGCCATAGACTGTGTTAATTTAACATCACCATCAATATAATAAGGAAGATTGGGAAACTCCAAACCCAATTCAAACTTTTTGTTTCGCCATTTATCACCTTCATCGCGCTCATACAAATGCTCTTCATATTTTTCTTCAAGATATTCCAAAAGAAGTCGAGTGGGTTGCACAAGGCCCTTAATTTTCCAATAACCTAGTATAGGGGACATATGTATATCTCCTTCTTAAAGTTAAACAAAATTATTTCTAGAGGGGAATTGTTATCCGCTCACAATTCCCCTATAGTGAGTCGTATTAATTTCGCGGGATCGAGATCGATCTCGATCCTCTACGCCGGACGCATCGTGGCCGGCATCACCGGCGCCACAGGTGCGGTTGCTGGCGCCTATATCGCCGACATCACCGATGGGGAAGATCGGGCTCGCCACTTCGGGCTCATGAGCGCTTGTTTCGGCGTGGGTATGGTGGCAGGCCCCGTGGCCGGGGGACTGTTGGGCGCCATCTCCTTGCATGCACCATTCCTTGCGGCGGCGGTGCTCAACGGCCTCAACCTACTACTGGGCTGCTTCCTAATGCAGGAGTCGCATAAGGGAGAGCGTCGAGATCCCGGACACCATCGAATGGCGCAAAACCTTTCGCGGTATGGCATGATAGCGCCCGGAAGAGAGTCAATTCAGGGTGGTGAATGTGAAACCAGTAACGTTATACGATGTCGCAGAGTATGCCGGTGTCTCTTATCAGACCGTTTCCCGCGTGGTGAACCAGGCCAGCCACGTTTCTGCGAAAACGCGGGAAAAAGTGGAAGCGGCGATGGCGGAGCTGAATTACATTCCCAACCGCGTGGCACAACAACTGGCGGGCAAACAGTCGTTGCTGATTGGCGTTGCCACCTCCAGTCTGGCCCTGCACGCGCCGTCGCAAATTGTCGCGGCGATTAAATCTCGCGCCGATCAACTGGGTGCCAGCGTGGTGGTGTCGATGGTAGAACGAAGCGGCGTCGAAGCCTGTAAAGCGGCGGTGCACAATCTTCTCGCGCAACGCGTCAGTGGGCTGATCATTAACTATCCGCTGGATGACCAGGATGCCATTGCTGTGGAAGCTGCCTGCACTAATGTTCCGGCGTTATTTCTTGATGTCTCTGACCAGACACCCATCAACAGTATTATTTTCTCCCATGAAGACGGTACGCGACTGGGCGTGGAGCATCTGGTCGCATTGGGTCACCAGCAAATCGCGCTGTTAGCGGGCCCATTAAGTTCTGTCTCGGCGCGTCTGCGTCTGGCTGGCTGGCATAAATATCTCACTCGCAATCAAATTCAGCCGATAGCGGAACGGGAAGGCGACTGGAGTGCCATGTCCGGTTTTCAACAAACCATGCAAATGCTGAATGAGGGCATCGTTCCCACTGCGATGCTGGTTGCCAACGATCAGATGGCGCTGGGCGCAATGCGCGCCATTACCGAGTCCGGGCTGCGCGTTGGTGCGGACATCTCGGTAGTGGGATACGACGATACCGAAGACAGCTCATGTTATATCCCGCCGTTAACCACCATCAAACAGGATTTTCGCCTGCTGGGGCAAACCAGCGTGGACCGCTTGCTGCAACTCTCTCAGGGCCAGGCGGTGAAGGGCAATCAGCTGTTGCCCGTCTCACTGGTGAAAAGAAAAACCACCCTGGCGCCCAATACGCAAACCGCCTCTCCCCGCGCGTTGGCCGATTCATTAATGCAGCTGGCACGACAGGTTTCCCGACTGGAAAGCGGGCAGTGAGCGCAACGCAATTAATGTAAGTTAGCTCACTCATTAGGCACCGGGATCTCGACCGATGCCCTTGAGAGCCTTCAACCCAGTCAGCTCCTTCCGGTGGGCGCGGGGCATGACTAGCATGATCGTGCTCCTGTCGTTGAGGACCCGGCTAGGCTGGCGGGGTTGCCTTACTGGTTAGCAGAATGAATCACCGATACGCGAGCGAACGTGAAGCGACTGCTGCTGCAAAACGTCTGCGACCTGAGCAACAACATGAATGGTCTTCGGTTTCCGTGTTTCGTAAAGTCTGGAAACGCGGAAGTCAGCGCCCTGCACCATTATGTTCCGGATCTGCATCGCAGGATGCTGCTGGCTACCCTGTGGAACACCTACATCTGTATTAACGAAGCGCTGGCATTGACCCTGAGTGATTTTTCTCTGGTCCCGCCGCATCCATACCGCCAGTTGTTTACCCTCACAACGTTCCAGTAACCGGGCATGTTCATCATCAGTAACCCGTATCGTGAGCATCCTCTCTCGTTTCATCGGTATCATTACCCCCATGAACAGAAATCCCCCTTACACGGAGGCATCAGTGACCAAACAGGAAAAAACCGCCCTTAACATGGCCCGCTTTATCAGAAGCCAGACATTAACGCTTCTGGAGAAACTCAACGAGCTGGACGCGGATGAACAGGCAGACATCTGTGAATCGCTTCACGACCACGCTGATGAGCTTTACCGCAGCTGCCTCGCGCGTTTCGGTGATGACGGTGAAAACCTCTGACACATGCAGCTCCCGGAGACGGTCACAGCTTGTCTGTAAGCGGATGCCGGGAGCAGACAAGCCCGTCAGGGCGCGTCAGCGGGTGTTGGCGGGTGTCGGGGCGCAGCCATGACCCAGTCACGTAGCGATAGCGGAGTGTATACTGGCTTAACTATGCGGCATCAGAGCAGATTGTACTGAGAGTGCACCATATATGCGGTGTGAAATACCGCACAGATGCGTAAGGAGAAAATACCGCATCAGGCGCTCTTCCGCTTCCTCGCTCACTGACTCGCTGCGCTCGGTCGTTCGGCTGCGGCGAGCGGTATCAGCTCACTCAAAGGCGGTAATACGGTTATCCACAGAATCAGGGGATAACGCAGGAAAGAACATGTGAGCAAAAGGCCAGCAAAAGGCCAGGAACCGTAAAAAGGCCGCGTTGCTGGCGTTTTTCCATAGGCTCCGCCCCCCTGACGAGCATCACAAAAATCGACGCTCAAGTCAGAGGTGGCGAAACCCGACAGGACTATAAAGATACCAGGCGTTTCCCCCTGGAAGCTCCCTCGTGCGCTCTCCTGTTCCGACCCTGCCGCTTACCGGATACCTGTCCGCCTTTCTCCCTTCGGGAAGCGTGGCGCTTTCTCATAGCTCACGCTGTAGGTATCTCAGTTCGGTGTAGGTCGTTCGCTCCAAGCTGGGCTGTGTGCACGAACCCCCCGTTCAGCCCGACCGCTGCGCCTTATCCGGTAACTATCGTCTTGAGTCCAACCCGGTAAGACACGACTTATCGCCACTGGCAGCAGCCACTGGTAACAGGATTAGCAGAGCGAGGTATGTAGGCGGTGCTACAGAGTTCTTGAAGTGGTGGCCTAACTACGGCTACACTAGAAGGACAGTATTTGGTATCTGCGCTCTGCTGAAGCCAGTTACCTTCGGAAAAAGAGTTGGTAGCTCTTGATCCGGCAAACAAACCACCGCTGGTAGCGGTGGTTTTTTTGTTTGCAAGCAGCAGATTACGCGCAGAAAAAAAGGATCTCAAGAAGATCCTTTGATCTTTTCTACGGGGTCTGACGCTCAGTGGAACGAAAACTCACGTTAAGGGATTTTGGTCATGAACAATAAAACTGTCTGCTTACATAAACAGTAATACAAGGGGTGTTATGAGCCATATTCAACGGGAAACGTCTTGCTCTAGGCCGCGATTAAATTCCAACATGGATGCTGATTTATATGGGTATAAATGGGCTCGCGATAATGTCGGGCAATCAGGTGCGACAATCTATCGATTGTATGGGAAGCCCGATGCGCCAGAGTTGTTTCTGAAACATGGCAAAGGTAGCGTTGCCAATGATGTTACAGATGAGATGGTCAGACTAAACTGGCTGACGGAATTTATGCCTCTTCCGACCATCAAGCATTTTATCCGTACTCCTGATGATGCATGGTTACTCACCACTGCGATCCCCGGGAAAACAGCATTCCAGGTATTAGAAGAATATCCTGATTCAGGTGAAAATATTGTTGATGCGCTGGCAGTGTTCCTGCGCCGGTTGCATTCGATTCCTGTTTGTAATTGTCCTTTTAACAGCGATCGCGTATTTCGTCTCGCTCAGGCGCAATCACGAATGAATAACGGTTTGGTTGATGCGAGTGATTTTGATGACGAGCGTAATGGCTGGCCTGTTGAACAAGTCTGGAAAGAAATGCATAAACTTTTGCCATTCTCACCGGATTCAGTCGTCACTCATGGTGATTTCTCACTTGATAACCTTATTTTTGACGAGGGGAAATTAATAGGTTGTATTGATGTTGGACGAGTCGGAATCGCAGACCGATACCAGGATCTTGCCATCCTATGGAACTGCCTCGGTGAGTTTTCTCCTTCATTACAGAAACGGCTTTTTCAAAAATATGGTATTGATAATCCTGATATGAATAAATTGCAGTTTCATTTGATGCTCGATGAGTTTTTCTAAGAATTAATTCATGAGCGGATACATATTTGAATGTATTTAGAAAAATAAACAAATAGGGGTTCCGCGCACATTTCCCCGAAAAGTGCCACCTGAAATTGTAAACGTTAATATTTTGTTAAAATTCGCGTTAAATTTTTGTTAAATCAGCTCATTTTTTAACCAATAGGCCGAAATCGGCAAAATCCCTTATAAATCAAAAGAATAGACCGAGATAGGGTTGAGTGTTGTTCCAGTTTGGAACAAGAGTCCACTATTAAAGAACGTGGACTCCAACGTCAAAGGGCGAAAAACCGTCTATCAGGGCGATGGCCCACTACGTGAACCATCACCCTAATCAAGTTTTTTGGGGTCGAGGTGCCGTAAAGCACTAAATCGGAACCCTAAAGGGAGCCCCCGATTTAGAGCTTGACGGGGAAAGCCGGCGAACGTGGCGAGAAAGGAAGGGAAGAAAGCGAAAGGAGCGGGCGCTAGGGCGCTGGCAAGTGTAGCGGTCACGCTGCGCGTAACCACCACACCCGCCGCGCTTAATGCGCCGCTACAGGGCGCGTCCCATTCGCCA", "group_read": [], "componentType": [], "variantOf": [], "translatesTo": null, "group_write": [], "circular": false}}, {"pk": 25, "model": "labrack.dnacomponent", "fields": {"optimizedFor": null, "owners": [], "GenBankfile": "", "sequence": "CTACCGCGTGGCACCAG", "group_read": [], "componentType": [12], "variantOf": [], "translatesTo": null, "group_write": [], "circular": false}}, {"pk": 26, "model": "labrack.dnacomponent", "fields": {"optimizedFor": null, "owners": [], "GenBankfile": "", "sequence": "TTGTCGTCGTCATC", "group_read": [], "componentType": [12], "variantOf": [], "translatesTo": null, "group_write": [], "circular": false}}, {"pk": 28, "model": "labrack.dnacomponent", "fields": {"optimizedFor": null, "owners": [1], "GenBankfile": "documents/GenBank/2013/02/27/sb0002_pJ241.gbk", "sequence": "ATGAGCGGTCACCATCATCATCACCACGGCAGCCCAGCGAAGATTGAAGAAGGTAAATTGGTGATCTGGATTAATGGCGACAAGGGTTACAATGGTCTGGCGGAGGTGGGCAAGAAATTCGAAAAGGACACCGGCATCAAAGTTACCGTTGAGCATCCGGATAAACTGGAAGAGAAGTTTCCGCAGGTGGCAGCCACGGGTGATGGCCCGGACATCATCTTCTGGGCGCACGATCGCTTTGGTGGTTATGCCCAAAGCGGTCTGCTGGCGGAAATCACGCCGGATAAGGCTTTCCAGGACAAGCTGTATCCGTTTACGTGGGACGCCGTGCGTTATAACGGTAAGTTGATTGCCTACCCGATCGCGGTAGAGGCCCTGTCTCTGATCTATAACAAAGATCTGCTGCCGAATCCTCCGAAAACCTGGGAGGAGATCCCGGCTCTGGATAAGGAACTGAAAGCAAAGGGTAAGAGCGCGCTGATGTTTAACCTGCAAGAGCCATACTTTACGTGGCCGCTGATTGCCGCGGATGGTGGCTACGCGTTCAAATACGAGAATGGTAAGTATGATATCAAGGATGTCGGTGTGGATAACGCAGGTGCGAAGGCTGGTCTGACGTTTTTGGTGGACCTGATCAAGAATAAACACATGAACGCCGACACGGACTACAGCATCGCGGAGGCAGCCTTCAACAAAGGCGAAACTGCGATGACCATCAATGGTCCGTGGGCGTGGAGCAACATCGACACCTCGAAAGTCAATTATGGCGTGACCGTCCTGCCAACTTTTAAGGGTCAGCCGTCCAAACCGTTTGTTGGCGTCCTGAGCGCAGGTATCAATGCGGCAAGCCCGAACAAAGAACTGGCGAAGGAATTCCTGGAGAATTATCTGCTGACTGATGAGGGCCTGGAGGCCGTGAATAAGGACAAGCCGCTGGGCGCTGTGGCGCTGAAATCCTACGAGGAAGAGTTGGCGAAGGACCCGCGTATTGCCGCCACCATGGAGAATGCGCAGAAAGGTGAAATCATGCCGAATATCCCGCAGATGAGCGCGTTCTGGTACGCAGTGCGCACCGCGGTTATCAATGCCGCAAGCGGTCGTCAGACCGTGGACGAAGCTCTGAAAGATGCCCAGACCAATGGCACCGGCAGCTCTGGCTTGGAAGTGTTGTTTCAGGGTCCGGGCACGGGTCACATGAAGGGCGGTAGCTGGGGTGGTTCTAAGAAAAAGAAAACTGCTCCGACCCCTCCGAAACGCAGCGGCGGTTCCGGTGGCAGCGGTGGCTCTGGCGGTTCCAAAAAGAAGAAAACGGCTCCGACGCCTCCGAAGCGTTCCGGCGGTTCGGGTGGCTCGGGTGGTAGCGGCGGTAGCAAAAAGAAGAAAACGGCGCCAACCCCACCGAAACGTAGCGGTGGTTCCGGTGGCAGCGGTGGCTCCGGTGGTAGCAAGAAAAAGAAAACTGCGCCGACTCCGCCGAAACGTAGCGGTGGTTCGGGCGGTTCTGGTGGCTCTGGTGGCAGCAAGAAGAAGAAAACCGCACCGACTCCACCGAAGCGCTCCGGTGGCTCCGGTAGCGAGAACCTGTACTTTCAAGGTAGCACCGGTAGCAGCGGTTCTTCGGGTAGCAGCACCTCTGAGGGTCAGGAAGGCACTCAGACCGGTTCCACGAGCACCTCCGGTACTGGTACTCAGAGCGGTACCGGTGGTACCCAATCTGGTACCGAAACGAGCACGGGTAGCGGTGAAACCATGGTGTCCAAGGGTGAAGAACTGTTTACGGGTGTTGTTCCGATTCTGGTCGAGCTGGATGGCGACGTTAATGGCCACAAATTCAGCGTTAGCGGCGAGGGCGAGGGTGACGCAACCTATGGCAAACTGACGTTGAAATTCATTTGCACCACGGGCAAACTGCCGGTTCCGTGGCCGACCCTGGTTACGACCTTTGGCTACGGCTTGATGTGTTTCGCGCGCTATCCAGACCACATGAAACAGCATGACTTCTTTAAGAGCGCTATGCCGGAAGGCTACGTACAAGAACGTACGATTTTCTTCAAGGATGACGGTAACTATAAGACCCGTGCAGAAGTAAAGTTTGAAGGTGATACCCTGGTCAACCGCATTGAGCTGAAGGGTATTGATTTCAAAGAGGACGGCAACATCCTGGGCCACAAACTGGAGTATAACTACAATAGCCATAATGTCTATATCATGGCTGATAAGCAGAAGAACGGCATTAAGGTTAACTTCAAGATTCGTCACAACATTGAAGATGGCTCCGTTCAACTGGCCGATCACTATCAGCAAAACACGCCGATTGGTGACGGTCCGGTTTTGCTGCCGGACAACCACTACTTGAGCTACCAATCGAAGCTGAGCAAAGACCCGAATGAGAAGCGTGATCACATGGTGTTGCTGGAATTCGTTACCGCGGCTGGTATTACCTAACTCGAGCCCCACTTCAGAAGTTCCTATACTTTCTAGAGAATAGGAACTTCACTATAGAGTCGAATAAGGGCGACACCCCCTAATTAGCCCGGGCGAAAGGCCCAGTCTTTCGACTGAGCCTTTCGTTTTATTTGATGCCTGGCAGTTCCCTACTCTCGCATGGGGAGTCCCCACACTACCATCGGCGCTACGGCGTTTCACTTCTGAGTTCGGCATGGGGTCAGGTGGGACCACCGCGCTACTGCCGCCAGGCAAACAAGGGGTGTTATGAGCCATATTCAGGTATAAATGGGCTCGCGATAATGTTCAGAATTGGTTAATTGGTTGTAACACTGACCCCTATTTGTTTATTTTTCTAAATACATTCAAATATGTATCCGCTCATGAGACAATAACCCTGATAAATGCTTCAATAATATTGAAAAAGGAAGAATATGAGCCATATTCAACGGGAAACGTCGAGGCCGCGATTAAATTCCAACATGGATGCTGATTTATATGGGTATAAATGGGCTCGCGATAATGTCGGGCAATCAGGTGCGACAATCTATCGCTTGTATGGGAAGCCCGATGCGCCAGAGTTGTTTCTGAAACATGGCAAAGGTAGCGTTGCCAATGATGTTACAGATGAGATGGTCAGACTAAACTGGCTGACGGAATTTATGCCACTTCCGACCATCAAGCATTTTATCCGTACTCCTGATGATGCATGGTTACTCACCACTGCGATCCCCGGAAAAACAGCGTTCCAGGTATTAGAAGAATATCCTGATTCAGGTGAAAATATTGTTGATGCGCTGGCAGTGTTCCTGCGCCGGTTGCACTCGATTCCTGTTTGTAATTGTCCTTTTAACAGCGATCGCGTATTTCGCCTCGCTCAGGCGCAATCACGAATGAATAACGGTTTGGTTGATGCGAGTGATTTTGATGACGAGCGTAATGGCTGGCCTGTTGAACAAGTCTGGAAAGAAATGCATAAACTTTTGCCATTCTCACCGGATTCAGTCGTCACTCATGGTGATTTCTCACTTGATAACCTTATTTTTGACGAGGGGAAATTAATAGGTTGTATTGATGTTGGACGAGTCGGAATCGCAGACCGATACCAGGATCTTGCCATCCTATGGAACTGCCTCGGTGAGTTTTCTCCTTCATTACAGAAACGGCTTTTTCAAAAATATGGTATTGATAATCCTGATATGAATAAATTGCAGTTTCATTTGATGCTCGATGAGTTTTTCTAAAAGCAGAGCATTACGCTGACTTGACGGGACGGCGCAAGCTCATGACCAAAATCCCTTAACGTGAGTTACGCGCGCGTCGTTCCACTGAGCGTCAGACCCCGTAGAAAAGATCAAAGGATCTTCTTGAGATCCTTTTTTTCTGCGCGTAATCTGCTGCTTGCAAACAAAAAAACCACCGCTACCAGCGGTGGTTTGTTTGCCGGATCAAGAGCTACCAACTCTTTTTCCGAAGGTAACTGGCTTCAGCAGAGCGCAGATACCAAATACTGTTCTTCTAGTGTAGCCGTAGTTAGCCCACCACTTCAAGAACTCTGTAGCACCGCCTACATACCTCGCTCTGCTAATCCTGTTACCAGTGGCTGCTGCCAGTGGCGATAAGTCGTGTCTTACCGGGTTGGACTCAAGACGATAGTTACCGGATAAGGCGCAGCGGTCGGGCTGAACGGGGGGTTCGTGCACACAGCCCAGCTTGGAGCGAACGACCTACACCGAACTGAGATACCTACAGCGTGAGCTATGAGAAAGCGCCACGCTTCCCGAAGGGAGAAAGGCGGACAGGTATCCGGTAAGCGGCAGGGTCGGAACAGGAGAGCGCACGAGGGAGCTTCCAGGGGGAAACGCCTGGTATCTTTATAGTCCTGTCGGGTTTCGCCACCTCTGACTTGAGCGTCGATTTTTGTGATGCTCGTCAGGGGGGCGGAGCCTATGGAAAAACGCCAGCAACGCGGCCTTTTTACGGTTCCTGGCCTTTTGCTGGCCTTTTGCTCACATGTTCTTTCCTGCGTTATCCCCTGATTCTGTGGATAACCGTATTACCGCCTTTGAGTGAGCTGATACCGCTCGCCGCAGCCGAACGACCGAGCGCAGCGAGTCAGTGAGCGAGGAAGCGGAAGGCGAGAGTAGGGAACTGCCAGGCATCAAACTAAGCAGAAGGCCCCTGACGGATGGCCTTTTTGCGTTTCTACAAACTCTTTCTGTGTTGTAAAACGACGGCCAGTCTTAAGCTCGGGCCCCCTGGGCGGTTCTGATAACGAGTAATCGTTAATCCGCAAATAACGTAAAAACCCGCTTCGGCGGGTTTTTTTATGGGGGGAGTTTAGGGAAAGAGCATTTGTCAGAATATTTAAGGGCGCCTGTCACTTTGCTTGATATATGAGAATTATTTAACCTTATAAATGAGAAAAAAGCAACGCACTTTAAATAAGATACGTTGCTTTTTCGATTGATGAACACCTATAATTAAACTATTCATCTATTATTTATGATTTTTTGTATATACAATATTTCTAGTTTGTTAAAGAGAATTAAGAAAATAAATCTCGAAAATAATAAAGGGAAAATCAGTTTTTGATATCAAAATTATACATGTCAACGATAATACAAAATATAATACAAACTATAAGATGTTATCAGTATTTATTATGCATTTAGAATAAATTTTGTGTCGCCCTTATTCGACTCACTATAGAAGTTCCTATTCTCTAGAAAGTATAGGAACTTCACTTCATTTTAGGAGGTAAAACAT", "group_read": [], "componentType": [13], "variantOf": [], "translatesTo": null, "group_write": [], "circular": true}}, {"pk": 29, "model": "labrack.dnacomponent", "fields": {"optimizedFor": null, "owners": [], "GenBankfile": "", "sequence": "AACTCGAGCCCCACTTCAGAAGTTCCTATACTTTCTAGAGAATAGGAACTTCACTATAGAGTCGAATAAGGGCGACACCCCCTAATTAGCCCGGGCGAAAGGCCCAGTCTTTCGACTGAGCCTTTCGTTTTATTTGATGCCTGGCAGTTCCCTACTCTCGCATGGGGAGTCCCCACACTACCATCGGCGCTACGGCGTTTCACTTCTGAGTTCGGCATGGGGTCAGGTGGGACCACCGCGCTACTGCCGCCAGGCAAACAAGGGGTGTTATGAGCCATATTCAGGTATAAATGGGCTCGCGATAATGTTCAGAATTGGTTAATTGGTTGTAACACTGACCCCTATTTGTTTATTTTTCTAAATACATTCAAATATGTATCCGCTCATGAGACAATAACCCTGATAAATGCTTCAATAATATTGAAAAAGGAAGAATATGAGCCATATTCAACGGGAAACGTCGAGGCCGCGATTAAATTCCAACATGGATGCTGATTTATATGGGTATAAATGGGCTCGCGATAATGTCGGGCAATCAGGTGCGACAATCTATCGCTTGTATGGGAAGCCCGATGCGCCAGAGTTGTTTCTGAAACATGGCAAAGGTAGCGTTGCCAATGATGTTACAGATGAGATGGTCAGACTAAACTGGCTGACGGAATTTATGCCACTTCCGACCATCAAGCATTTTATCCGTACTCCTGATGATGCATGGTTACTCACCACTGCGATCCCCGGAAAAACAGCGTTCCAGGTATTAGAAGAATATCCTGATTCAGGTGAAAATATTGTTGATGCGCTGGCAGTGTTCCTGCGCCGGTTGCACTCGATTCCTGTTTGTAATTGTCCTTTTAACAGCGATCGCGTATTTCGCCTCGCTCAGGCGCAATCACGAATGAATAACGGTTTGGTTGATGCGAGTGATTTTGATGACGAGCGTAATGGCTGGCCTGTTGAACAAGTCTGGAAAGAAATGCATAAACTTTTGCCATTCTCACCGGATTCAGTCGTCACTCATGGTGATTTCTCACTTGATAACCTTATTTTTGACGAGGGGAAATTAATAGGTTGTATTGATGTTGGACGAGTCGGAATCGCAGACCGATACCAGGATCTTGCCATCCTATGGAACTGCCTCGGTGAGTTTTCTCCTTCATTACAGAAACGGCTTTTTCAAAAATATGGTATTGATAATCCTGATATGAATAAATTGCAGTTTCATTTGATGCTCGATGAGTTTTTCTAAAAGCAGAGCATTACGCTGACTTGACGGGACGGCGCAAGCTCATGACCAAAATCCCTTAACGTGAGTTACGCGCGCGTCGTTCCACTGAGCGTCAGACCCCGTAGAAAAGATCAAAGGATCTTCTTGAGATCCTTTTTTTCTGCGCGTAATCTGCTGCTTGCAAACAAAAAAACCACCGCTACCAGCGGTGGTTTGTTTGCCGGATCAAGAGCTACCAACTCTTTTTCCGAAGGTAACTGGCTTCAGCAGAGCGCAGATACCAAATACTGTTCTTCTAGTGTAGCCGTAGTTAGCCCACCACTTCAAGAACTCTGTAGCACCGCCTACATACCTCGCTCTGCTAATCCTGTTACCAGTGGCTGCTGCCAGTGGCGATAAGTCGTGTCTTACCGGGTTGGACTCAAGACGATAGTTACCGGATAAGGCGCAGCGGTCGGGCTGAACGGGGGGTTCGTGCACACAGCCCAGCTTGGAGCGAACGACCTACACCGAACTGAGATACCTACAGCGTGAGCTATGAGAAAGCGCCACGCTTCCCGAAGGGAGAAAGGCGGACAGGTATCCGGTAAGCGGCAGGGTCGGAACAGGAGAGCGCACGAGGGAGCTTCCAGGGGGAAACGCCTGGTATCTTTATAGTCCTGTCGGGTTTCGCCACCTCTGACTTGAGCGTCGATTTTTGTGATGCTCGTCAGGGGGGCGGAGCCTATGGAAAAACGCCAGCAACGCGGCCTTTTTACGGTTCCTGGCCTTTTGCTGGCCTTTTGCTCACATGTTCTTTCCTGCGTTATCCCCTGATTCTGTGGATAACCGTATTACCGCCTTTGAGTGAGCTGATACCGCTCGCCGCAGCCGAACGACCGAGCGCAGCGAGTCAGTGAGCGAGGAAGCGGAAGGCGAGAGTAGGGAACTGCCAGGCATCAAACTAAGCAGAAGGCCCCTGACGGATGGCCTTTTTGCGTTTCTACAAACTCTTTCTGTGTTGTAAAACGACGGCCAGTCTTAAGCTCGGGCCCCCTGGGCGGTTCTGATAACGAGTAATCGTTAATCCGCAAATAACGTAAAAACCCGCTTCGGCGGGTTTTTTTATGGGGGGAGTTTAGGGAAAGAGCATTTGTCAGAATATTTAAGGGCGCCTGTCACTTTGCTTGATATATGAGAATTATTTAACCTTATAAATGAGAAAAAAGCAACGCACTTTAAATAAGATACGTTGCTTTTTCGATTGATGAACACCTATAATTAAACTATTCATCTATTATTTATGATTTTTTGTATATACAATATTTCTAGTTTGTTAAAGAGAATTAAGAAAATAAATCTCGAAAATAATAAAGGGAAAATCAGTTTTTGATATCAAAATTATACATGTCAACGATAATACAAAATATAATACAAACTATAAGATGTTATCAGTATTTATTATGCATTTAGAATAAATTTTGTGTCGCCCTTATTCGACTCACTATAGAAGTTCCTATTCTCTAGAAAGTATAGGAACTTCACTTCATTTTAGGAGGTAAAACAT", "group_read": [], "componentType": [1], "variantOf": [], "translatesTo": null, "group_write": [], "circular": true}}, {"pk": 30, "model": "labrack.dnacomponent", "fields": {"optimizedFor": null, "owners": [1], "GenBankfile": "", "sequence": "ATGAGCGGTCACCATCATCATCACCACGGCAGCCCAGCGAAGATTGAAGAAGGTAAATTGGTGATCTGGATTAATGGCGACAAGGGTTACAATGGTCTGGCGGAGGTGGGCAAGAAATTCGAAAAGGACACCGGCATCAAAGTTACCGTTGAGCATCCGGATAAACTGGAAGAGAAGTTTCCGCAGGTGGCAGCCACGGGTGATGGCCCGGACATCATCTTCTGGGCGCACGATCGCTTTGGTGGTTATGCCCAAAGCGGTCTGCTGGCGGAAATCACGCCGGATAAGGCTTTCCAGGACAAGCTGTATCCGTTTACGTGGGACGCCGTGCGTTATAACGGTAAGTTGATTGCCTACCCGATCGCGGTAGAGGCCCTGTCTCTGATCTATAACAAAGATCTGCTGCCGAATCCTCCGAAAACCTGGGAGGAGATCCCGGCTCTGGATAAGGAACTGAAAGCAAAGGGTAAGAGCGCGCTGATGTTTAACCTGCAAGAGCCATACTTTACGTGGCCGCTGATTGCCGCGGATGGTGGCTACGCGTTCAAATACGAGAATGGTAAGTATGATATCAAGGATGTCGGTGTGGATAACGCAGGTGCGAAGGCTGGTCTGACGTTTTTGGTGGACCTGATCAAGAATAAACACATGAACGCCGACACGGACTACAGCATCGCGGAGGCAGCCTTCAACAAAGGCGAAACTGCGATGACCATCAATGGTCCGTGGGCGTGGAGCAACATCGACACCTCGAAAGTCAATTATGGCGTGACCGTCCTGCCAACTTTTAAGGGTCAGCCGTCCAAACCGTTTGTTGGCGTCCTGAGCGCAGGTATCAATGCGGCAAGCCCGAACAAAGAACTGGCGAAGGAATTCCTGGAGAATTATCTGCTGACTGATGAGGGCCTGGAGGCCGTGAATAAGGACAAGCCGCTGGGCGCTGTGGCGCTGAAATCCTACGAGGAAGAGTTGGCGAAGGACCCGCGTATTGCCGCCACCATGGAGAATGCGCAGAAAGGTGAAATCATGCCGAATATCCCGCAGATGAGCGCGTTCTGGTACGCAGTGCGCACCGCGGTTATCAATGCCGCAAGCGGTCGTCAGACCGTGGACGAAGCTCTGAAAGATGCCCAGACCAATGGCACCGGCAGCTCTGGCTTGGAAGTGTTGTTTCAGGGTCCGGGCACGGGTCACATGAAGGGCGGTAGCTGGGGTGGTTCTAAGAAAAAGAAAACTGCTCCGACCCCTCCGAAACGCAGCGGCGGTTCCGGTGGCAGCGGTGGCTCTGGCGGTTCCAAAAAGAAGAAAACGGCTCCGACGCCTCCGAAGCGTTCCGGCGGTTCGGGTGGCTCGGGTGGTAGCGGCGGTAGCAAAAAGAAGAAAACGGCGCCAACCCCACCGAAACGTAGCGGTGGTTCCGGTGGCAGCGGTGGCTCCGGTGGTAGCAAGAAAAAGAAAACTGCGCCGACTCCGCCGAAACGTAGCGGTGGTTCGGGCGGTTCTGGTGGCTCTGGTGGCAGCAAGAAGAAGAAAACCGCACCGACTCCACCGAAGCGCTCCGGTGGCTCCGGTAGCGAGAACCTGTACTTTCAAGGTAGCACCGGTAGCAGCGGTTCTTCGGGTAGCAGCACCTCTGAGGGTCAGGAAGGCACTCAGACCGGTTCCACGAGCACCTCCGGTACTGGTACTCAGAGCGGTACCGGTGGTACCCAATCTGGTACCGAAACGAGCACGGGTAGCGGTGAAACCATGGTGTCCAAGGGTGAAGAACTGTTTACGGGTGTTGTTCCGATTCTGGTCGAGCTGGATGGCGACGTTAATGGCCACAAATTCAGCGTTAGCGGCGAGGGCGAGGGTGACGCAACCTATGGCAAACTGACGTTGAAATTCATTTGCACCACGGGCAAACTGCCGGTTCCGTGGCCGACCCTGGTTACGACCTTTGGCTACGGCTTGATGTGTTTCGCGCGCTATCCAGACCACATGAAACAGCATGACTTCTTTAAGAGCGCTATGCCGGAAGGCTACGTACAAGAACGTACGATTTTCTTCAAGGATGACGGTAACTATAAGACCCGTGCAGAAGTAAAGTTTGAAGGTGATACCCTGGTCAACCGCATTGAGCTGAAGGGTATTGATTTCAAAGAGGACGGCAACATCCTGGGCCACAAACTGGAGTATAACTACAATAGCCATAATGTCTATATCATGGCTGATAAGCAGAAGAACGGCATTAAGGTTAACTTCAAGATTCGTCACAACATTGAAGATGGCTCCGTTCAACTGGCCGATCACTATCAGCAAAACACGCCGATTGGTGACGGTCCGGTTTTGCTGCCGGACAACCACTACTTGAGCTACCAATCGAAGCTGAGCAAAGACCCGAATGAGAAGCGTGATCACATGGTGTTGCTGGAATTCGTTACCGCGGCTGGTATTACCTAA", "group_read": [], "componentType": [], "variantOf": [], "translatesTo": null, "group_write": [], "circular": true}}, {"pk": 31, "model": "labrack.dnacomponent", "fields": {"optimizedFor": null, "owners": [3], "GenBankfile": "documents/GenBank/2013/02/28/pET15b.gbk", "sequence": "TTCTCATGTTTGACAGCTTATCATCGATAAGCTTTAATGCGGTAGTTTATCACAGTTAAATTGCTAACGCAGTCAGGCACCGTGTATGAAATCTAACAATGCGCTCATCGTCATCCTCGGCACCGTCACCCTGGATGCTGTAGGCATAGGCTTGGTTATGCCGGTACTGCCGGGCCTCTTGCGGGATATCCGGATATAGTTCCTCCTTTCAGCAAAAAACCCCTCAAGACCCGTTTAGAGGCCCCAAGGGGTTATGCTAGTTATTGCTCAGCGGTGGCAGCAGCCAACTCAGCTTCCTTTCGGGCTTTGTTAGCAGCCGGATCCTCGAGCATATGGCTGCCGCGCGGCACCAGGCCGCTGCTGTGATGATGATGATGATGGCTGCTGCCCATGGTATATCTCCTTCTTAAAGTTAAACAAAATTATTTCTAGAGGGGAATTGTTATCCGCTCACAATTCCCCTATAGTGAGTCGTATTAATTTCGCGGGATCGAGATCTCGATCCTCTACGCCGGACGCATCGTGGCCGGCATCACCGGCGCCACAGGTGCGGTTGCTGGCGCCTATATCGCCGACATCACCGATGGGGAAGATCGGGCTCGCCACTTCGGGCTCATGAGCGCTTGTTTCGGCGTGGGTATGGTGGCAGGCCCCGTGGCCGGGGGACTGTTGGGCGCCATCTCCTTGCATGCACCATTCCTTGCGGCGGCGGTGCTCAACGGCCTCAACCTACTACTGGGCTGCTTCCTAATGCAGGAGTCGCATAAGGGAGAGCGTCGAGATCCCGGACACCATCGAATGGCGCAAAACCTTTCGCGGTATGGCATGATAGCGCCCGGAAGAGAGTCAATTCAGGGTGGTGAATGTGAAACCAGTAACGTTATACGATGTCGCAGAGTATGCCGGTGTCTCTTATCAGACCGTTTCCCGCGTGGTGAACCAGGCCAGCCACGTTTCTGCGAAAACGCGGGAAAAAGTGGAAGCGGCGATGGCGGAGCTGAATTACATTCCCAACCGCGTGGCACAACAACTGGCGGGCAAACAGTCGTTGCTGATTGGCGTTGCCACCTCCAGTCTGGCCCTGCACGCGCCGTCGCAAATTGTCGCGGCGATTAAATCTCGCGCCGATCAACTGGGTGCCAGCGTGGTGGTGTCGATGGTAGAACGAAGCGGCGTCGAAGCCTGTAAAGCGGCGGTGCACAATCTTCTCGCGCAACGCGTCAGTGGGCTGATCATTAACTATCCGCTGGATGACCAGGATGCCATTGCTGTGGAAGCTGCCTGCACTAATGTTCCGGCGTTATTTCTTGATGTCTCTGACCAGACACCCATCAACAGTATTATTTTCTCCCATGAAGACGGTACGCGACTGGGCGTGGAGCATCTGGTCGCATTGGGTCACCAGCAAATCGCGCTGTTAGCGGGCCCATTAAGTTCTGTCTCGGCGCGTCTGCGTCTGGCTGGCTGGCATAAATATCTCACTCGCAATCAAATTCAGCCGATAGCGGAACGGGAAGGCGACTGGAGTGCCATGTCCGGTTTTCAACAAACCATGCAAATGCTGAATGAGGGCATCGTTCCCACTGCGATGCTGGTTGCCAACGATCAGATGGCGCTGGGCGCAATGCGCGCCATTACCGAGTCCGGGCTGCGCGTTGGTGCGGATATCTCGGTAGTGGGATACGACGATACCGAAGACAGCTCATGTTATATCCCGCCGTTAACCACCATCAAACAGGATTTTCGCCTGCTGGGGCAAACCAGCGTGGACCGCTTGCTGCAACTCTCTCAGGGCCAGGCGGTGAAGGGCAATCAGCTGTTGCCCGTCTCACTGGTGAAAAGAAAAACCACCCTGGCGCCCAATACGCAAACCGCCTCTCCCCGCGCGTTGGCCGATTCATTAATGCAGCTGGCACGACAGGTTTCCCGACTGGAAAGCGGGCAGTGAGCGCAACGCAATTAATGTAAGTTAGCTCACTCATTAGGCACCGGGATCTCGACCGATGCCCTTGAGAGCCTTCAACCCAGTCAGCTCCTTCCGGTGGGCGCGGGGCATGACTATCGTCGCCGCACTTATGACTGTCTTCTTTATCATGCAACTCGTAGGACAGGTGCCGGCAGCGCTCTGGGTCATTTTCGGCGAGGACCGCTTTCGCTGGAGCGCGACGATGATCGGCCTGTCGCTTGCGGTATTCGGAATCTTGCACGCCCTCGCTCAAGCCTTCGTCACTGGTCCCGCCACCAAACGTTTCGGCGAGAAGCAGGCCATTATCGCCGGCATGGCGGCCGACGCGCTGGGCTACGTCTTGCTGGCGTTCGCGACGCGAGGCTGGATGGCCTTCCCCATTATGATTCTTCTCGCTTCCGGCGGCATCGGGATGCCCGCGTTGCAGGCCATGCTGTCCAGGCAGGTAGATGACGACCATCAGGGACAGCTTCAAGGATCGCTCGCGGCTCTTACCAGCCTAACTTCGATCACTGGACCGCTGATCGTCACGGCGATTTATGCCGCCTCGGCGAGCACATGGAACGGGTTGGCATGGATTGTAGGCGCCGCCCTATACCTTGTCTGCCTCCCCGCGTTGCGTCGCGGTGCATGGAGCCGGGCCACCTCGACCTGAATGGAAGCCGGCGGCACCTCGCTAACGGATTCACCACTCCAAGAATTGGAGCCAATCAATTCTTGCGGAGAACTGTGAATGCGCAAACCAACCCTTGGCAGAACATATCCATCGCGTCCGCCATCTCCAGCAGCCGCACGCGGCGCATCTCGGGCAGCGTTGGGTCCTGGCCACGGGTGCGCATGATCGTGCTCCTGTCGTTGAGGACCCGGCTAGGCTGGCGGGGTTGCCTTACTGGTTAGCAGAATGAATCACCGATACGCGAGCGAACGTGAAGCGACTGCTGCTGCAAAACGTCTGCGACCTGAGCAACAACATGAATGGTCTTCGGTTTCCGTGTTTCGTAAAGTCTGGAAACGCGGAAGTCAGCGCCCTGCACCATTATGTTCCGGATCTGCATCGCAGGATGCTGCTGGCTACCCTGTGGAACACCTACATCTGTATTAACGAAGCGCTGGCATTGACCCTGAGTGATTTTTCTCTGGTCCCGCCGCATCCATACCGCCAGTTGTTTACCCTCACAACGTTCCAGTAACCGGGCATGTTCATCATCAGTAACCCGTATCGTGAGCATCCTCTCTCGTTTCATCGGTATCATTACCCCCATGAACAGAAATCCCCCTTACACGGAGGCATCAGTGACCAAACAGGAAAAAACCGCCCTTAACATGGCCCGCTTTATCAGAAGCCAGACATTAACGCTTCTGGAGAAACTCAACGAGCTGGACGCGGATGAACAGGCAGACATCTGTGAATCGCTTCACGACCACGCTGATGAGCTTTACCGCAGCTGCCTCGCGCGTTTCGGTGATGACGGTGAAAACCTCTGACACATGCAGCTCCCGGAGACGGTCACAGCTTGTCTGTAAGCGGATGCCGGGAGCAGACAAGCCCGTCAGGGCGCGTCAGCGGGTGTTGGCGGGTGTCGGGGCGCAGCCATGACCCAGTCACGTAGCGATAGCGGAGTGTATACTGGCTTAACTATGCGGCATCAGAGCAGATTGTACTGAGAGTGCACCATATATGCGGTGTGAAATACCGCACAGATGCGTAAGGAGAAAATACCGCATCAGGCGCTCTTCCGCTTCCTCGCTCACTGACTCGCTGCGCTCGGTCGTTCGGCTGCGGCGAGCGGTATCAGCTCACTCAAAGGCGGTAATACGGTTATCCACAGAATCAGGGGATAACGCAGGAAAGAACATGTGAGCAAAAGGCCAGCAAAAGGCCAGGAACCGTAAAAAGGCCGCGTTGCTGGCGTTTTTCCATAGGCTCCGCCCCCCTGACGAGCATCACAAAAATCGACGCTCAAGTCAGAGGTGGCGAAACCCGACAGGACTATAAAGATACCAGGCGTTTCCCCCTGGAAGCTCCCTCGTGCGCTCTCCTGTTCCGACCCTGCCGCTTACCGGATACCTGTCCGCCTTTCTCCCTTCGGGAAGCGTGGCGCTTTCTCATAGCTCACGCTGTAGGTATCTCAGTTCGGTGTAGGTCGTTCGCTCCAAGCTGGGCTGTGTGCACGAACCCCCCGTTCAGCCCGACCGCTGCGCCTTATCCGGTAACTATCGTCTTGAGTCCAACCCGGTAAGACACGACTTATCGCCACTGGCAGCAGCCACTGGTAACAGGATTAGCAGAGCGAGGTATGTAGGCGGTGCTACAGAGTTCTTGAAGTGGTGGCCTAACTACGGCTACACTAGAAGGACAGTATTTGGTATCTGCGCTCTGCTGAAGCCAGTTACCTTCGGAAAAAGAGTTGGTAGCTCTTGATCCGGCAAACAAACCACCGCTGGTAGCGGTGGTTTTTTTGTTTGCAAGCAGCAGATTACGCGCAGAAAAAAAGGATCTCAAGAAGATCCTTTGATCTTTTCTACGGGGTCTGACGCTCAGTGGAACGAAAACTCACGTTAAGGGATTTTGGTCATGAGATTATCAAAAAGGATCTTCACCTAGATCCTTTTAAATTAAAAATGAAGTTTTAAATCAATCTAAAGTATATATGAGTAAACTTGGTCTGACAGTTACCAATGCTTAATCAGTGAGGCACCTATCTCAGCGATCTGTCTATTTCGTTCATCCATAGTTGCCTGACTCCCCGTCGTGTAGATAACTACGATACGGGAGGGCTTACCATCTGGCCCCAGTGCTGCAATGATACCGCGAGACCCACGCTCACCGGCTCCAGATTTATCAGCAATAAACCAGCCAGCCGGAAGGGCCGAGCGCAGAAGTGGTCCTGCAACTTTATCCGCCTCCATCCAGTCTATTAATTGTTGCCGGGAAGCTAGAGTAAGTAGTTCGCCAGTTAATAGTTTGCGCAACGTTGTTGCCATTGCTGCAGGCATCGTGGTGTCACGCTCGTCGTTTGGTATGGCTTCATTCAGCTCCGGTTCCCAACGATCAAGGCGAGTTACATGATCCCCCATGTTGTGCAAAAAAGCGGTTAGCTCCTTCGGTCCTCCGATCGTTGTCAGAAGTAAGTTGGCCGCAGTGTTATCACTCATGGTTATGGCAGCACTGCATAATTCTCTTACTGTCATGCCATCCGTAAGATGCTTTTCTGTGACTGGTGAGTACTCAACCAAGTCATTCTGAGAATAGTGTATGCGGCGACCGAGTTGCTCTTGCCCGGCGTCAACACGGGATAATACCGCGCCACATAGCAGAACTTTAAAAGTGCTCATCATTGGAAAACGTTCTTCGGGGCGAAAACTCTCAAGGATCTTACCGCTGTTGAGATCCAGTTCGATGTAACCCACTCGTGCACCCAACTGATCTTCAGCATCTTTTACTTTCACCAGCGTTTCTGGGTGAGCAAAAACAGGAAGGCAAAATGCCGCAAAAAAGGGAATAAGGGCGACACGGAAATGTTGAATACTCATACTCTTCCTTTTTCAATATTATTGAAGCATTTATCAGGGTTATTGTCTCATGAGCGGATACATATTTGAATGTATTTAGAAAAATAAACAAATAGGGGTTCCGCGCACATTTCCCCGAAAAGTGCCACCTGACGTCTAAGAAACCATTATTATCATGACATTAACCTATAAAAATAGGCGTATCACGAGGCCCTTTCGTCTTCAAGAA", "group_read": [], "componentType": [], "variantOf": [], "translatesTo": null, "group_write": [], "circular": true}}, {"pk": 32, "model": "labrack.dnacomponent", "fields": {"optimizedFor": null, "owners": [3], "GenBankfile": "documents/GenBank/2013/02/28/pET15b_1.gbk", "sequence": "TTCTCATGTTTGACAGCTTATCATCGATAAGCTTTAATGCGGTAGTTTATCACAGTTAAATTGCTAACGCAGTCAGGCACCGTGTATGAAATCTAACAATGCGCTCATCGTCATCCTCGGCACCGTCACCCTGGATGCTGTAGGCATAGGCTTGGTTATGCCGGTACTGCCGGGCCTCTTGCGGGATATCCGGATATAGTTCCTCCTTTCAGCAAAAAACCCCTCAAGACCCGTTTAGAGGCCCCAAGGGGTTATGCTAGTTATTGCTCAGCGGTGGCAGCAGCCAACTCAGCTTCCTTTCGGGCTTTGTTAGCAGCCGGATCCTCGAGCATATGGCTGCCGCGCGGCACCAGGCCGCTGCTGTGATGATGATGATGATGGCTGCTGCCCATGGTATATCTCCTTCTTAAAGTTAAACAAAATTATTTCTAGAGGGGAATTGTTATCCGCTCACAATTCCCCTATAGTGAGTCGTATTAATTTCGCGGGATCGAGATCTCGATCCTCTACGCCGGACGCATCGTGGCCGGCATCACCGGCGCCACAGGTGCGGTTGCTGGCGCCTATATCGCCGACATCACCGATGGGGAAGATCGGGCTCGCCACTTCGGGCTCATGAGCGCTTGTTTCGGCGTGGGTATGGTGGCAGGCCCCGTGGCCGGGGGACTGTTGGGCGCCATCTCCTTGCATGCACCATTCCTTGCGGCGGCGGTGCTCAACGGCCTCAACCTACTACTGGGCTGCTTCCTAATGCAGGAGTCGCATAAGGGAGAGCGTCGAGATCCCGGACACCATCGAATGGCGCAAAACCTTTCGCGGTATGGCATGATAGCGCCCGGAAGAGAGTCAATTCAGGGTGGTGAATGTGAAACCAGTAACGTTATACGATGTCGCAGAGTATGCCGGTGTCTCTTATCAGACCGTTTCCCGCGTGGTGAACCAGGCCAGCCACGTTTCTGCGAAAACGCGGGAAAAAGTGGAAGCGGCGATGGCGGAGCTGAATTACATTCCCAACCGCGTGGCACAACAACTGGCGGGCAAACAGTCGTTGCTGATTGGCGTTGCCACCTCCAGTCTGGCCCTGCACGCGCCGTCGCAAATTGTCGCGGCGATTAAATCTCGCGCCGATCAACTGGGTGCCAGCGTGGTGGTGTCGATGGTAGAACGAAGCGGCGTCGAAGCCTGTAAAGCGGCGGTGCACAATCTTCTCGCGCAACGCGTCAGTGGGCTGATCATTAACTATCCGCTGGATGACCAGGATGCCATTGCTGTGGAAGCTGCCTGCACTAATGTTCCGGCGTTATTTCTTGATGTCTCTGACCAGACACCCATCAACAGTATTATTTTCTCCCATGAAGACGGTACGCGACTGGGCGTGGAGCATCTGGTCGCATTGGGTCACCAGCAAATCGCGCTGTTAGCGGGCCCATTAAGTTCTGTCTCGGCGCGTCTGCGTCTGGCTGGCTGGCATAAATATCTCACTCGCAATCAAATTCAGCCGATAGCGGAACGGGAAGGCGACTGGAGTGCCATGTCCGGTTTTCAACAAACCATGCAAATGCTGAATGAGGGCATCGTTCCCACTGCGATGCTGGTTGCCAACGATCAGATGGCGCTGGGCGCAATGCGCGCCATTACCGAGTCCGGGCTGCGCGTTGGTGCGGATATCTCGGTAGTGGGATACGACGATACCGAAGACAGCTCATGTTATATCCCGCCGTTAACCACCATCAAACAGGATTTTCGCCTGCTGGGGCAAACCAGCGTGGACCGCTTGCTGCAACTCTCTCAGGGCCAGGCGGTGAAGGGCAATCAGCTGTTGCCCGTCTCACTGGTGAAAAGAAAAACCACCCTGGCGCCCAATACGCAAACCGCCTCTCCCCGCGCGTTGGCCGATTCATTAATGCAGCTGGCACGACAGGTTTCCCGACTGGAAAGCGGGCAGTGAGCGCAACGCAATTAATGTAAGTTAGCTCACTCATTAGGCACCGGGATCTCGACCGATGCCCTTGAGAGCCTTCAACCCAGTCAGCTCCTTCCGGTGGGCGCGGGGCATGACTATCGTCGCCGCACTTATGACTGTCTTCTTTATCATGCAACTCGTAGGACAGGTGCCGGCAGCGCTCTGGGTCATTTTCGGCGAGGACCGCTTTCGCTGGAGCGCGACGATGATCGGCCTGTCGCTTGCGGTATTCGGAATCTTGCACGCCCTCGCTCAAGCCTTCGTCACTGGTCCCGCCACCAAACGTTTCGGCGAGAAGCAGGCCATTATCGCCGGCATGGCGGCCGACGCGCTGGGCTACGTCTTGCTGGCGTTCGCGACGCGAGGCTGGATGGCCTTCCCCATTATGATTCTTCTCGCTTCCGGCGGCATCGGGATGCCCGCGTTGCAGGCCATGCTGTCCAGGCAGGTAGATGACGACCATCAGGGACAGCTTCAAGGATCGCTCGCGGCTCTTACCAGCCTAACTTCGATCACTGGACCGCTGATCGTCACGGCGATTTATGCCGCCTCGGCGAGCACATGGAACGGGTTGGCATGGATTGTAGGCGCCGCCCTATACCTTGTCTGCCTCCCCGCGTTGCGTCGCGGTGCATGGAGCCGGGCCACCTCGACCTGAATGGAAGCCGGCGGCACCTCGCTAACGGATTCACCACTCCAAGAATTGGAGCCAATCAATTCTTGCGGAGAACTGTGAATGCGCAAACCAACCCTTGGCAGAACATATCCATCGCGTCCGCCATCTCCAGCAGCCGCACGCGGCGCATCTCGGGCAGCGTTGGGTCCTGGCCACGGGTGCGCATGATCGTGCTCCTGTCGTTGAGGACCCGGCTAGGCTGGCGGGGTTGCCTTACTGGTTAGCAGAATGAATCACCGATACGCGAGCGAACGTGAAGCGACTGCTGCTGCAAAACGTCTGCGACCTGAGCAACAACATGAATGGTCTTCGGTTTCCGTGTTTCGTAAAGTCTGGAAACGCGGAAGTCAGCGCCCTGCACCATTATGTTCCGGATCTGCATCGCAGGATGCTGCTGGCTACCCTGTGGAACACCTACATCTGTATTAACGAAGCGCTGGCATTGACCCTGAGTGATTTTTCTCTGGTCCCGCCGCATCCATACCGCCAGTTGTTTACCCTCACAACGTTCCAGTAACCGGGCATGTTCATCATCAGTAACCCGTATCGTGAGCATCCTCTCTCGTTTCATCGGTATCATTACCCCCATGAACAGAAATCCCCCTTACACGGAGGCATCAGTGACCAAACAGGAAAAAACCGCCCTTAACATGGCCCGCTTTATCAGAAGCCAGACATTAACGCTTCTGGAGAAACTCAACGAGCTGGACGCGGATGAACAGGCAGACATCTGTGAATCGCTTCACGACCACGCTGATGAGCTTTACCGCAGCTGCCTCGCGCGTTTCGGTGATGACGGTGAAAACCTCTGACACATGCAGCTCCCGGAGACGGTCACAGCTTGTCTGTAAGCGGATGCCGGGAGCAGACAAGCCCGTCAGGGCGCGTCAGCGGGTGTTGGCGGGTGTCGGGGCGCAGCCATGACCCAGTCACGTAGCGATAGCGGAGTGTATACTGGCTTAACTATGCGGCATCAGAGCAGATTGTACTGAGAGTGCACCATATATGCGGTGTGAAATACCGCACAGATGCGTAAGGAGAAAATACCGCATCAGGCGCTCTTCCGCTTCCTCGCTCACTGACTCGCTGCGCTCGGTCGTTCGGCTGCGGCGAGCGGTATCAGCTCACTCAAAGGCGGTAATACGGTTATCCACAGAATCAGGGGATAACGCAGGAAAGAACATGTGAGCAAAAGGCCAGCAAAAGGCCAGGAACCGTAAAAAGGCCGCGTTGCTGGCGTTTTTCCATAGGCTCCGCCCCCCTGACGAGCATCACAAAAATCGACGCTCAAGTCAGAGGTGGCGAAACCCGACAGGACTATAAAGATACCAGGCGTTTCCCCCTGGAAGCTCCCTCGTGCGCTCTCCTGTTCCGACCCTGCCGCTTACCGGATACCTGTCCGCCTTTCTCCCTTCGGGAAGCGTGGCGCTTTCTCATAGCTCACGCTGTAGGTATCTCAGTTCGGTGTAGGTCGTTCGCTCCAAGCTGGGCTGTGTGCACGAACCCCCCGTTCAGCCCGACCGCTGCGCCTTATCCGGTAACTATCGTCTTGAGTCCAACCCGGTAAGACACGACTTATCGCCACTGGCAGCAGCCACTGGTAACAGGATTAGCAGAGCGAGGTATGTAGGCGGTGCTACAGAGTTCTTGAAGTGGTGGCCTAACTACGGCTACACTAGAAGGACAGTATTTGGTATCTGCGCTCTGCTGAAGCCAGTTACCTTCGGAAAAAGAGTTGGTAGCTCTTGATCCGGCAAACAAACCACCGCTGGTAGCGGTGGTTTTTTTGTTTGCAAGCAGCAGATTACGCGCAGAAAAAAAGGATCTCAAGAAGATCCTTTGATCTTTTCTACGGGGTCTGACGCTCAGTGGAACGAAAACTCACGTTAAGGGATTTTGGTCATGAGATTATCAAAAAGGATCTTCACCTAGATCCTTTTAAATTAAAAATGAAGTTTTAAATCAATCTAAAGTATATATGAGTAAACTTGGTCTGACAGTTACCAATGCTTAATCAGTGAGGCACCTATCTCAGCGATCTGTCTATTTCGTTCATCCATAGTTGCCTGACTCCCCGTCGTGTAGATAACTACGATACGGGAGGGCTTACCATCTGGCCCCAGTGCTGCAATGATACCGCGAGACCCACGCTCACCGGCTCCAGATTTATCAGCAATAAACCAGCCAGCCGGAAGGGCCGAGCGCAGAAGTGGTCCTGCAACTTTATCCGCCTCCATCCAGTCTATTAATTGTTGCCGGGAAGCTAGAGTAAGTAGTTCGCCAGTTAATAGTTTGCGCAACGTTGTTGCCATTGCTGCAGGCATCGTGGTGTCACGCTCGTCGTTTGGTATGGCTTCATTCAGCTCCGGTTCCCAACGATCAAGGCGAGTTACATGATCCCCCATGTTGTGCAAAAAAGCGGTTAGCTCCTTCGGTCCTCCGATCGTTGTCAGAAGTAAGTTGGCCGCAGTGTTATCACTCATGGTTATGGCAGCACTGCATAATTCTCTTACTGTCATGCCATCCGTAAGATGCTTTTCTGTGACTGGTGAGTACTCAACCAAGTCATTCTGAGAATAGTGTATGCGGCGACCGAGTTGCTCTTGCCCGGCGTCAACACGGGATAATACCGCGCCACATAGCAGAACTTTAAAAGTGCTCATCATTGGAAAACGTTCTTCGGGGCGAAAACTCTCAAGGATCTTACCGCTGTTGAGATCCAGTTCGATGTAACCCACTCGTGCACCCAACTGATCTTCAGCATCTTTTACTTTCACCAGCGTTTCTGGGTGAGCAAAAACAGGAAGGCAAAATGCCGCAAAAAAGGGAATAAGGGCGACACGGAAATGTTGAATACTCATACTCTTCCTTTTTCAATATTATTGAAGCATTTATCAGGGTTATTGTCTCATGAGCGGATACATATTTGAATGTATTTAGAAAAATAAACAAATAGGGGTTCCGCGCACATTTCCCCGAAAAGTGCCACCTGACGTCTAAGAAACCATTATTATCATGACATTAACCTATAAAAATAGGCGTATCACGAGGCCCTTTCGTCTTCAAGAA", "group_read": [], "componentType": [], "variantOf": [], "translatesTo": null, "group_write": [], "circular": true}}, {"pk": 33, "model": "labrack.dnacomponent", "fields": {"optimizedFor": null, "owners": [1], "GenBankfile": "documents/GenBank/2013/02/28/pET22b.gbk", "sequence": "ATCCGGATATAGTTCCTCCTTTCAGCAAAAAACCCCTCAAGACCCGTTTAGAGGCCCCAAGGGGTTATGCTAGTTATTGCTCAGCGGTGGCAGCAGCCAACTCAGCTTCCTTTCGGGCTTTGTTAGCAGCCGGATCTCAGTGGTGGTGGTGGTGGTGCTCGAGTGCGGCCGCAAGCTTGTCGACGGAGCTCGAATTCGGATCCGAATTAATTCCGATATCCATGGCCATCGCCGGCTGGGCAGCGAGGAGCAGCAGACCAGCAGCAGCGGTCGGCAGCAGGTATTTCATATGTATATCTCCTTCTTAAAGTTAAACAAAATTATTTCTAGAGGGGAATTGTTATCCGCTCACAATTCCCCTATAGTGAGTCGTATTAATTTCGCGGGATCGAGATCTCGATCCTCTACGCCGGACGCATCGTGGCCGGCATCACCGGCGCCACAGGTGCGGTTGCTGGCGCCTATATCGCCGACATCACCGATGGGGAAGATCGGGCTCGCCACTTCGGGCTCATGAGCGCTTGTTTCGGCGTGGGTATGGTGGCAGGCCCCGTGGCCGGGGGACTGTTGGGCGCCATCTCCTTGCATGCACCATTCCTTGCGGCGGCGGTGCTCAACGGCCTCAACCTACTACTGGGCTGCTTCCTAATGCAGGAGTCGCATAAGGGAGAGCGTCGAGATCCCGGACACCATCGAATGGCGCAAAACCTTTCGCGGTATGGCATGATAGCGCCCGGAAGAGAGTCAATTCAGGGTGGTGAATGTGAAACCAGTAACGTTATACGATGTCGCAGAGTATGCCGGTGTCTCTTATCAGACCGTTTCCCGCGTGGTGAACCAGGCCAGCCACGTTTCTGCGAAAACGCGGGAAAAAGTGGAAGCGGCGATGGCGGAGCTGAATTACATTCCCAACCGCGTGGCACAACAACTGGCGGGCAAACAGTCGTTGCTGATTGGCGTTGCCACCTCCAGTCTGGCCCTGCACGCGCCGTCGCAAATTGTCGCGGCGATTAAATCTCGCGCCGATCAACTGGGTGCCAGCGTGGTGGTGTCGATGGTAGAACGAAGCGGCGTCGAAGCCTGTAAAGCGGCGGTGCACAATCTTCTCGCGCAACGCGTCAGTGGGCTGATCATTAACTATCCGCTGGATGACCAGGATGCCATTGCTGTGGAAGCTGCCTGCACTAATGTTCCGGCGTTATTTCTTGATGTCTCTGACCAGACACCCATCAACAGTATTATTTTCTCCCATGAAGACGGTACGCGACTGGGCGTGGAGCATCTGGTCGCATTGGGTCACCAGCAAATCGCGCTGTTAGCGGGCCCATTAAGTTCTGTCTCGGCGCGTCTGCGTCTGGCTGGCTGGCATAAATATCTCACTCGCAATCAAATTCAGCCGATAGCGGAACGGGAAGGCGACTGGAGTGCCATGTCCGGTTTTCAACAAACCATGCAAATGCTGAATGAGGGCATCGTTCCCACTGCGATGCTGGTTGCCAACGATCAGATGGCGCTGGGCGCAATGCGCGCCATTACCGAGTCCGGGCTGCGCGTTGGTGCGGATATCTCGGTAGTGGGATACGACGATACCGAAGACAGCTCATGTTATATCCCGCCGTTAACCACCATCAAACAGGATTTTCGCCTGCTGGGGCAAACCAGCGTGGACCGCTTGCTGCAACTCTCTCAGGGCCAGGCGGTGAAGGGCAATCAGCTGTTGCCCGTCTCACTGGTGAAAAGAAAAACCACCCTGGCGCCCAATACGCAAACCGCCTCTCCCCGCGCGTTGGCCGATTCATTAATGCAGCTGGCACGACAGGTTTCCCGACTGGAAAGCGGGCAGTGAGCGCAACGCAATTAATGTAAGTTAGCTCACTCATTAGGCACCGGGATCTCGACCGATGCCCTTGAGAGCCTTCAACCCAGTCAGCTCCTTCCGGTGGGCGCGGGGCATGACTATCGTCGCCGCACTTATGACTGTCTTCTTTATCATGCAACTCGTAGGACAGGTGCCGGCAGCGCTCTGGGTCATTTTCGGCGAGGACCGCTTTCGCTGGAGCGCGACGATGATCGGCCTGTCGCTTGCGGTATTCGGAATCTTGCACGCCCTCGCTCAAGCCTTCGTCACTGGTCCCGCCACCAAACGTTTCGGCGAGAAGCAGGCCATTATCGCCGGCATGGCGGCCCCACGGGTGCGCATGATCGTGCTCCTGTCGTTGAGGACCCGGCTAGGCTGGCGGGGTTGCCTTACTGGTTAGCAGAATGAATCACCGATACGCGAGCGAACGTGAAGCGACTGCTGCTGCAAAACGTCTGCGACCTGAGCAACAACATGAATGGTCTTCGGTTTCCGTGTTTCGTAAAGTCTGGAAACGCGGAAGTCAGCGCCCTGCACCATTATGTTCCGGATCTGCATCGCAGGATGCTGCTGGCTACCCTGTGGAACACCTACATCTGTATTAACGAAGCGCTGGCATTGACCCTGAGTGATTTTTCTCTGGTCCCGCCGCATCCATACCGCCAGTTGTTTACCCTCACAACGTTCCAGTAACCGGGCATGTTCATCATCAGTAACCCGTATCGTGAGCATCCTCTCTCGTTTCATCGGTATCATTACCCCCATGAACAGAAATCCCCCTTACACGGAGGCATCAGTGACCAAACAGGAAAAAACCGCCCTTAACATGGCCCGCTTTATCAGAAGCCAGACATTAACGCTTCTGGAGAAACTCAACGAGCTGGACGCGGATGAACAGGCAGACATCTGTGAATCGCTTCACGACCACGCTGATGAGCTTTACCGCAGCTGCCTCGCGCGTTTCGGTGATGACGGTGAAAACCTCTGACACATGCAGCTCCCGGAGACGGTCACAGCTTGTCTGTAAGCGGATGCCGGGAGCAGACAAGCCCGTCAGGGCGCGTCAGCGGGTGTTGGCGGGTGTCGGGGCGCAGCCATGACCCAGTCACGTAGCGATAGCGGAGTGTATACTGGCTTAACTATGCGGCATCAGAGCAGATTGTACTGAGAGTGCACCATATATGCGGTGTGAAATACCGCACAGATGCGTAAGGAGAAAATACCGCATCAGGCGCTCTTCCGCTTCCTCGCTCACTGACTCGCTGCGCTCGGTCGTTCGGCTGCGGCGAGCGGTATCAGCTCACTCAAAGGCGGTAATACGGTTATCCACAGAATCAGGGGATAACGCAGGAAAGAACATGTGAGCAAAAGGCCAGCAAAAGGCCAGGAACCGTAAAAAGGCCGCGTTGCTGGCGTTTTTCCATAGGCTCCGCCCCCCTGACGAGCATCACAAAAATCGACGCTCAAGTCAGAGGTGGCGAAACCCGACAGGACTATAAAGATACCAGGCGTTTCCCCCTGGAAGCTCCCTCGTGCGCTCTCCTGTTCCGACCCTGCCGCTTACCGGATACCTGTCCGCCTTTCTCCCTTCGGGAAGCGTGGCGCTTTCTCATAGCTCACGCTGTAGGTATCTCAGTTCGGTGTAGGTCGTTCGCTCCAAGCTGGGCTGTGTGCACGAACCCCCCGTTCAGCCCGACCGCTGCGCCTTATCCGGTAACTATCGTCTTGAGTCCAACCCGGTAAGACACGACTTATCGCCACTGGCAGCAGCCACTGGTAACAGGATTAGCAGAGCGAGGTATGTAGGCGGTGCTACAGAGTTCTTGAAGTGGTGGCCTAACTACGGCTACACTAGAAGGACAGTATTTGGTATCTGCGCTCTGCTGAAGCCAGTTACCTTCGGAAAAAGAGTTGGTAGCTCTTGATCCGGCAAACAAACCACCGCTGGTAGCGGTGGTTTTTTTGTTTGCAAGCAGCAGATTACGCGCAGAAAAAAAGGATCTCAAGAAGATCCTTTGATCTTTTCTACGGGGTCTGACGCTCAGTGGAACGAAAACTCACGTTAAGGGATTTTGGTCATGAGATTATCAAAAAGGATCTTCACCTAGATCCTTTTAAATTAAAAATGAAGTTTTAAATCAATCTAAAGTATATATGAGTAAACTTGGTCTGACAGTTACCAATGCTTAATCAGTGAGGCACCTATCTCAGCGATCTGTCTATTTCGTTCATCCATAGTTGCCTGACTCCCCGTCGTGTAGATAACTACGATACGGGAGGGCTTACCATCTGGCCCCAGTGCTGCAATGATACCGCGAGACCCACGCTCACCGGCTCCAGATTTATCAGCAATAAACCAGCCAGCCGGAAGGGCCGAGCGCAGAAGTGGTCCTGCAACTTTATCCGCCTCCATCCAGTCTATTAATTGTTGCCGGGAAGCTAGAGTAAGTAGTTCGCCAGTTAATAGTTTGCGCAACGTTGTTGCCATTGCTGCAGGCATCGTGGTGTCACGCTCGTCGTTTGGTATGGCTTCATTCAGCTCCGGTTCCCAACGATCAAGGCGAGTTACATGATCCCCCATGTTGTGCAAAAAAGCGGTTAGCTCCTTCGGTCCTCCGATCGTTGTCAGAAGTAAGTTGGCCGCAGTGTTATCACTCATGGTTATGGCAGCACTGCATAATTCTCTTACTGTCATGCCATCCGTAAGATGCTTTTCTGTGACTGGTGAGTACTCAACCAAGTCATTCTGAGAATAGTGTATGCGGCGACCGAGTTGCTCTTGCCCGGCGTCAATACGGGATAATACCGCGCCACATAGCAGAACTTTAAAAGTGCTCATCATTGGAAAACGTTCTTCGGGGCGAAAACTCTCAAGGATCTTACCGCTGTTGAGATCCAGTTCGATGTAACCCACTCGTGCACCCAACTGATCTTCAGCATCTTTTACTTTCACCAGCGTTTCTGGGTGAGCAAAAACAGGAAGGCAAAATGCCGCAAAAAAGGGAATAAGGGCGACACGGAAATGTTGAATACTCATACTCTTCCTTTTTCAATATTATTGAAGCATTTATCAGGGTTATTGTCTCATGAGCGGATACATATTTGAATGTATTTAGAAAAATAAACAAATAGGGGTTCCGCGCACATTTCCCCGAAAAGTGCCACCTGAAATTGTAAACGTTAATATTTTGTTAAAATTCGCGTTAAATTTTTGTTAAATCAGCTCATTTTTTAACCAATAGGCCGAAATCGGCAAAATCCCTTATAAATCAAAAGAATAGACCGAGATAGGGTTGAGTGTTGTTCCAGTTTGGAACAAGAGTCCACTATTAAAGAACGTGGACTCCAACGTCAAAGGGCGAAAAACCGTCTATCAGGGCGATGGCCCACTACGTGAACCATCACCCTAATCAAGTTTTTTGGGGTCGAGGTGCCGTAAAGCACTAAATCGGAACCCTAAAGGGAGCCCCCGATTTAGAGCTTGACGGGGAAAGCCGGCGAACGTGGCGAGAAAGGAAGGGAAGAAAGCGAAAGGAGCGGGCGCTAGGGCGCTGGCAAGTGTAGCGGTCACGCTGCGCGTAACCACCACACCCGCCGCGCTTAATGCGCCGCTACAGGGCGCGTCCCATTCGCCA", "group_read": [], "componentType": [], "variantOf": [], "translatesTo": null, "group_write": [], "circular": true}}, {"pk": 12, "model": "labrack.chassis", "fields": {"group_write": [], "componentType": [], "owners": [1], "group_read": [], "variantOf": []}}, {"pk": 1, "model": "labrack.samplecollection", "fields": {"owners": [1], "name": "TestSampleCollections", "modification_date": "2012-12-03T15:33:05.790Z", "group_read": [], "created_by": 1, "creation_date": "2012-12-03T15:33:05.776Z", "group_write": [], "description": ""}}, {"pk": 2, "model": "labrack.samplecollection", "fields": {"owners": [1], "name": "SampleCollec2", "modification_date": "2012-12-03T15:33:17.516Z", "group_read": [], "created_by": 1, "creation_date": "2012-12-03T15:33:17.503Z", "group_write": [], "description": ""}}, {"pk": 1, "model": "labrack.sample", "fields": {"status": "ok", "owners": [1], "container": 1, "name": "", "modification_date": "2013-02-23T01:27:32.798Z", "reference_status": false, "amountUnit": null, "preparation_date": "2013-02-22", "sampleCollection": [], "amount": null, "created_by": 1, "creation_date": "2013-02-23T01:27:32.735Z", "aliquotNr": null, "group_read": [], "displayId": "12S", "solvent": "", "concentration": null, "historyDescription": "", "concentrationUnit": null, "group_write": [], "description": ""}}, {"pk": 2, "model": "labrack.sample", "fields": {"status": "ok", "owners": [1], "container": 1, "name": "", "modification_date": "2013-02-25T19:20:50.638Z", "reference_status": false, "amountUnit": null, "preparation_date": "2013-02-25", "sampleCollection": [], "amount": null, "created_by": 1, "creation_date": "2013-02-25T19:20:50.593Z", "aliquotNr": null, "group_read": [], "displayId": "A12FFR", "solvent": "", "concentration": null, "historyDescription": "", "concentrationUnit": null, "group_write": [], "description": ""}}, {"pk": 1, "model": "labrack.dnasample", "fields": {"owners": [1], "sampleCollection": [], "provenanceType": null, "derivedFrom": null, "dnaConstruct": 1, "group_read": [], "dna_sequenced": "", "group_write": [], "inChassis": 12}}, {"pk": 2, "model": "labrack.chassissample", "fields": {"owners": [1], "sampleCollection": [], "provenanceType": null, "derivedFrom": null, "group_read": [], "chassis": 12, "group_write": []}}]